,path,type
0,/home/wsl/flashcards/DISK_1/Kidney stones/Cystine/Stone 36/Stone_36_180_rec00001693.tif,Cystine
1,/home/wsl/flashcards/DISK_1/Kidney stones/Cystine/Stone 36/Stone_36_180_rec00001115.tif,Cystine
2,/home/wsl/flashcards/DISK_1/Kidney stones/Cystine/Stone 36/Stone_36_180_rec00001647.tif,Cystine
3,/home/wsl/flashcards/DISK_1/Kidney stones/Cystine/Stone 36/Stone_36_180_rec00001380.tif,Cystine
4,/home/wsl/flashcards/DISK_1/Kidney stones/Cystine/Stone 36/Stone_36_180_rec00000985.tif,Cystine
5,/home/wsl/flashcards/DISK_1/Kidney stones/Cystine/Stone 36/Stone_36_180_rec00001101.tif,Cystine
6,/home/wsl/flashcards/DISK_1/Kidney stones/Cystine/Stone 36/Stone_36_180_rec00000953.tif,Cystine
7,/home/wsl/flashcards/DISK_1/Kidney stones/Cystine/Stone 36/Stone_36_180_rec00001587.tif,Cystine
8,/home/wsl/flashcards/DISK_1/Kidney stones/Cystine/Stone 36/Stone_36_180_rec00001036.tif,Cystine
9,/home/wsl/flashcards/DISK_1/Kidney stones/Cystine/Stone 36/Stone_36_180_rec00001454.tif,Cystine
10,/home/wsl/flashcards/DISK_1/Kidney stones/Cystine/Stone 36/Stone_36_180_rec00000955.tif,Cystine
11,/home/wsl/flashcards/DISK_1/Kidney stones/Cystine/Stone 36/Stone_36_180_rec00000980.tif,Cystine
12,/home/wsl/flashcards/DISK_1/Kidney stones/Cystine/Stone 36/Stone_36_180_rec00001076.tif,Cystine
13,/home/wsl/flashcards/DISK_1/Kidney stones/Cystine/Stone 36/Stone_36_180_rec00001104.tif,Cystine
14,/home/wsl/flashcards/DISK_1/Kidney stones/Cystine/Stone 36/Stone_36_180_rec00001732.tif,Cystine
15,/home/wsl/flashcards/DISK_1/Kidney stones/Cystine/Stone 36/Stone_36_180_rec00001718.tif,Cystine
16,/home/wsl/flashcards/DISK_1/Kidney stones/Cystine/Stone 36/Stone_36_180_rec00001251.tif,Cystine
17,/home/wsl/flashcards/DISK_1/Kidney stones/Cystine/Stone 36/Stone_36_180_rec00001081.tif,Cystine
18,/home/wsl/flashcards/DISK_1/Kidney stones/Cystine/Stone 36/Stone_36_180_rec00000899.tif,Cystine
19,/home/wsl/flashcards/DISK_1/Kidney stones/Cystine/Stone 36/Stone_36_180_rec00001249.tif,Cystine
20,/home/wsl/flashcards/DISK_1/Kidney stones/Cystine/Stone 36/Stone_36_180_rec00001243.tif,Cystine
21,/home/wsl/flashcards/DISK_1/Kidney stones/Cystine/Stone 36/Stone_36_180_rec00001302.tif,Cystine
22,/home/wsl/flashcards/DISK_1/Kidney stones/Cystine/Stone 36/Stone_36_180_rec00001363.tif,Cystine
23,/home/wsl/flashcards/DISK_1/Kidney stones/Cystine/Stone 36/Stone_36_180_rec00001757.tif,Cystine
24,/home/wsl/flashcards/DISK_1/Kidney stones/Cystine/Stone 36/Stone_36_180_rec00001745.tif,Cystine
25,/home/wsl/flashcards/DISK_1/Kidney stones/Cystine/Stone 36/Stone_36_180_rec00001293.tif,Cystine
26,/home/wsl/flashcards/DISK_1/Kidney stones/Cystine/Stone 36/Stone_36_180_rec00001598.tif,Cystine
27,/home/wsl/flashcards/DISK_1/Kidney stones/Cystine/Stone 36/Stone_36_180_rec00001807.tif,Cystine
28,/home/wsl/flashcards/DISK_1/Kidney stones/Cystine/Stone 36/Stone_36_180_rec00001403.tif,Cystine
29,/home/wsl/flashcards/DISK_1/Kidney stones/Cystine/Stone 36/Stone_36_180_rec00001032.tif,Cystine
30,/home/wsl/flashcards/DISK_1/Kidney stones/Cystine/Stone 36/Stone_36_180_rec00000902.tif,Cystine
31,/home/wsl/flashcards/DISK_1/Kidney stones/Cystine/Stone 36/Stone_36_180_rec00001345.tif,Cystine
32,/home/wsl/flashcards/DISK_1/Kidney stones/Cystine/Stone 36/Stone_36_180_rec00001610.tif,Cystine
33,/home/wsl/flashcards/DISK_1/Kidney stones/Cystine/Stone 36/Stone_36_180_rec00001576.tif,Cystine
34,/home/wsl/flashcards/DISK_1/Kidney stones/Cystine/Stone 36/Stone_36_180_rec00001390.tif,Cystine
35,/home/wsl/flashcards/DISK_1/Kidney stones/Cystine/Stone 36/Stone_36_180_rec00001121.tif,Cystine
36,/home/wsl/flashcards/DISK_1/Kidney stones/Cystine/Stone 36/Stone_36_180_rec00001529.tif,Cystine
37,/home/wsl/flashcards/DISK_1/Kidney stones/Cystine/Stone 36/Stone_36_180_rec00001179.tif,Cystine
38,/home/wsl/flashcards/DISK_1/Kidney stones/Cystine/Stone 36/Stone_36_180_rec00001019.tif,Cystine
39,/home/wsl/flashcards/DISK_1/Kidney stones/Cystine/Stone 36/Stone_36_180_rec00001024.tif,Cystine
40,/home/wsl/flashcards/DISK_1/Kidney stones/Cystine/Stone 36/Stone_36_180_rec00001697.tif,Cystine
41,/home/wsl/flashcards/DISK_1/Kidney stones/Cystine/Stone 36/Stone_36_180_rec00000825.tif,Cystine
42,/home/wsl/flashcards/DISK_1/Kidney stones/Cystine/Stone 36/Stone_36_180_rec00001649.tif,Cystine
43,/home/wsl/flashcards/DISK_1/Kidney stones/Cystine/Stone 36/Stone_36_180_rec00001046.tif,Cystine
44,/home/wsl/flashcards/DISK_1/Kidney stones/Cystine/Stone 36/Stone_36_180_rec00001519.tif,Cystine
45,/home/wsl/flashcards/DISK_1/Kidney stones/Cystine/Stone 36/Stone_36_180_rec00001553.tif,Cystine
46,/home/wsl/flashcards/DISK_1/Kidney stones/Cystine/Stone 36/Stone_36_180_rec00001222.tif,Cystine
47,/home/wsl/flashcards/DISK_1/Kidney stones/Cystine/Stone 36/Stone_36_180_rec00000948.tif,Cystine
48,/home/wsl/flashcards/DISK_1/Kidney stones/Cystine/Stone 36/Stone_36_180_rec00001433.tif,Cystine
49,/home/wsl/flashcards/DISK_1/Kidney stones/Cystine/Stone 36/Stone_36_180_rec00001122.tif,Cystine
50,/home/wsl/flashcards/DISK_1/Kidney stones/Cystine/Stone 36/Stone_36_180_rec00001272.tif,Cystine
51,/home/wsl/flashcards/DISK_1/Kidney stones/Cystine/Stone 36/Stone_36_180_rec00001500.tif,Cystine
52,/home/wsl/flashcards/DISK_1/Kidney stones/Cystine/Stone 36/Stone_36_180_rec00001522.tif,Cystine
53,/home/wsl/flashcards/DISK_1/Kidney stones/Cystine/Stone 36/Stone_36_180_rec00001277.tif,Cystine
54,/home/wsl/flashcards/DISK_1/Kidney stones/Cystine/Stone 36/Stone_36_180_rec00001372.tif,Cystine
55,/home/wsl/flashcards/DISK_1/Kidney stones/Cystine/Stone 36/Stone_36_180_rec00001357.tif,Cystine
56,/home/wsl/flashcards/DISK_1/Kidney stones/Cystine/Stone 36/Stone_36_180_rec00000923.tif,Cystine
57,/home/wsl/flashcards/DISK_1/Kidney stones/Cystine/Stone 36/Stone_36_180_rec00001459.tif,Cystine
58,/home/wsl/flashcards/DISK_1/Kidney stones/Cystine/Stone 36/Stone_36_180_rec00000998.tif,Cystine
59,/home/wsl/flashcards/DISK_1/Kidney stones/Cystine/Stone 36/Stone_36_180_rec00001527.tif,Cystine
60,/home/wsl/flashcards/DISK_1/Kidney stones/Cystine/Stone 36/Stone_36_180_rec00001492.tif,Cystine
61,/home/wsl/flashcards/DISK_1/Kidney stones/Cystine/Stone 36/Stone_36_180_rec00001080.tif,Cystine
62,/home/wsl/flashcards/DISK_1/Kidney stones/Cystine/Stone 36/Stone_36_180_rec00001045.tif,Cystine
63,/home/wsl/flashcards/DISK_1/Kidney stones/Cystine/Stone 36/Stone_36_180_rec00000966.tif,Cystine
64,/home/wsl/flashcards/DISK_1/Kidney stones/Cystine/Stone 36/Stone_36_180_rec00000916.tif,Cystine
65,/home/wsl/flashcards/DISK_1/Kidney stones/Cystine/Stone 36/Stone_36_180_rec00001160.tif,Cystine
66,/home/wsl/flashcards/DISK_1/Kidney stones/Cystine/Stone 36/Stone_36_180_rec00001066.tif,Cystine
67,/home/wsl/flashcards/DISK_1/Kidney stones/Cystine/Stone 36/Stone_36_180_rec00001761.tif,Cystine
68,/home/wsl/flashcards/DISK_1/Kidney stones/Cystine/Stone 36/Stone_36_180_rec00001753.tif,Cystine
69,/home/wsl/flashcards/DISK_1/Kidney stones/Cystine/Stone 36/Stone_36_180_rec00001565.tif,Cystine
70,/home/wsl/flashcards/DISK_1/Kidney stones/Cystine/Stone 36/Stone_36_180_rec00001233.tif,Cystine
71,/home/wsl/flashcards/DISK_1/Kidney stones/Cystine/Stone 36/Stone_36_180_rec00001549.tif,Cystine
72,/home/wsl/flashcards/DISK_1/Kidney stones/Cystine/Stone 36/Stone_36_180_rec00000963.tif,Cystine
73,/home/wsl/flashcards/DISK_1/Kidney stones/Cystine/Stone 36/Stone_36_180_rec00001164.tif,Cystine
74,/home/wsl/flashcards/DISK_1/Kidney stones/Cystine/Stone 36/Stone_36_180_rec00000950.tif,Cystine
75,/home/wsl/flashcards/DISK_1/Kidney stones/Cystine/Stone 36/Stone_36_180_rec00001082.tif,Cystine
76,/home/wsl/flashcards/DISK_1/Kidney stones/Cystine/Stone 36/Stone_36_180_rec00001394.tif,Cystine
77,/home/wsl/flashcards/DISK_1/Kidney stones/Cystine/Stone 36/Stone_36_180_rec00001702.tif,Cystine
78,/home/wsl/flashcards/DISK_1/Kidney stones/Cystine/Stone 36/result.tif,Cystine
79,/home/wsl/flashcards/DISK_1/Kidney stones/Cystine/Stone 36/Stone_36_180_rec00001747.tif,Cystine
80,/home/wsl/flashcards/DISK_1/Kidney stones/Cystine/Stone 36/Stone_36_180_rec00001216.tif,Cystine
81,/home/wsl/flashcards/DISK_1/Kidney stones/Cystine/Stone 36/Stone_36_180_rec00001295.tif,Cystine
82,/home/wsl/flashcards/DISK_1/Kidney stones/Cystine/Stone 36/Stone_36_180_rec00001430.tif,Cystine
83,/home/wsl/flashcards/DISK_1/Kidney stones/Cystine/Stone 36/Stone_36_180_rec00001273.tif,Cystine
84,/home/wsl/flashcards/DISK_1/Kidney stones/Cystine/Stone 36/Stone_36_180_rec00001740.tif,Cystine
85,/home/wsl/flashcards/DISK_1/Kidney stones/Cystine/Stone 36/Stone_36_180_rec00001238.tif,Cystine
86,/home/wsl/flashcards/DISK_1/Kidney stones/Cystine/Stone 36/Stone_36_180_rec00001373.tif,Cystine
87,/home/wsl/flashcards/DISK_1/Kidney stones/Cystine/Stone 36/Stone_36_180_rec00001133.tif,Cystine
88,/home/wsl/flashcards/DISK_1/Kidney stones/Cystine/Stone 36/Stone_36_180_rec00001601.tif,Cystine
89,/home/wsl/flashcards/DISK_1/Kidney stones/Cystine/Stone 36/Stone_36_180_rec00001073.tif,Cystine
90,/home/wsl/flashcards/DISK_1/Kidney stones/Cystine/Stone 36/Stone_36_180_rec00001543.tif,Cystine
91,/home/wsl/flashcards/DISK_1/Kidney stones/Cystine/Stone 36/Stone_36_180_rec00001511.tif,Cystine
92,/home/wsl/flashcards/DISK_1/Kidney stones/Cystine/Stone 36/Stone_36_180_rec00001239.tif,Cystine
93,/home/wsl/flashcards/DISK_1/Kidney stones/Cystine/Stone 36/Stone_36_180_rec00001604.tif,Cystine
94,/home/wsl/flashcards/DISK_1/Kidney stones/Cystine/Stone 36/Stone_36_180_rec00001224.tif,Cystine
95,/home/wsl/flashcards/DISK_1/Kidney stones/Cystine/Stone 36/Stone_36_180_rec00001167.tif,Cystine
96,/home/wsl/flashcards/DISK_1/Kidney stones/Cystine/Stone 36/Stone_36_180_rec00001317.tif,Cystine
97,/home/wsl/flashcards/DISK_1/Kidney stones/Cystine/Stone 36/Stone_36_180_rec00001021.tif,Cystine
98,/home/wsl/flashcards/DISK_1/Kidney stones/Cystine/Stone 36/Stone_36_180_rec00001483.tif,Cystine
99,/home/wsl/flashcards/DISK_1/Kidney stones/Cystine/Stone 36/Stone_36_180_rec00000769.tif,Cystine
100,/home/wsl/flashcards/DISK_1/Kidney stones/Cystine/Stone 36/Stone_36_180_rec00001077.tif,Cystine
101,/home/wsl/flashcards/DISK_1/Kidney stones/Cystine/Stone 36/Stone_36_180_rec00001306.tif,Cystine
102,/home/wsl/flashcards/DISK_1/Kidney stones/Cystine/Stone 36/Stone_36_180_rec00001392.tif,Cystine
103,/home/wsl/flashcards/DISK_1/Kidney stones/Cystine/Stone 36/Stone_36_180_rec00001185.tif,Cystine
104,/home/wsl/flashcards/DISK_1/Kidney stones/Cystine/Stone 36/Stone_36_180_rec00001391.tif,Cystine
105,/home/wsl/flashcards/DISK_1/Kidney stones/Cystine/Stone 36/Stone_36_180_rec00001271.tif,Cystine
106,/home/wsl/flashcards/DISK_1/Kidney stones/Cystine/Stone 36/Stone_36_180_rec00001347.tif,Cystine
107,/home/wsl/flashcards/DISK_1/Kidney stones/Cystine/Stone 36/Stone_36_180_rec00001099.tif,Cystine
108,/home/wsl/flashcards/DISK_1/Kidney stones/Cystine/Stone 36/Stone_36_180_rec00001754.tif,Cystine
109,/home/wsl/flashcards/DISK_1/Kidney stones/Cystine/Stone 36/Stone_36_180_rec00001545.tif,Cystine
110,/home/wsl/flashcards/DISK_1/Kidney stones/Cystine/Stone 36/Stone_36_180_rec00001175.tif,Cystine
111,/home/wsl/flashcards/DISK_1/Kidney stones/Cystine/Stone 36/Stone_36_180_rec00001537.tif,Cystine
112,/home/wsl/flashcards/DISK_1/Kidney stones/Cystine/Stone 36/Stone_36_180_rec00001596.tif,Cystine
113,/home/wsl/flashcards/DISK_1/Kidney stones/Cystine/Stone 36/Stone_36_180_rec00001440.tif,Cystine
114,/home/wsl/flashcards/DISK_1/Kidney stones/Cystine/Stone 36/Stone_36_180_rec00001335.tif,Cystine
115,/home/wsl/flashcards/DISK_1/Kidney stones/Cystine/Stone 36/Stone_36_180_rec00001075.tif,Cystine
116,/home/wsl/flashcards/DISK_1/Kidney stones/Cystine/Stone 36/Stone_36_180_rec00001017.tif,Cystine
117,/home/wsl/flashcards/DISK_1/Kidney stones/Cystine/Stone 36/Stone_36_180_rec00001452.tif,Cystine
118,/home/wsl/flashcards/DISK_1/Kidney stones/Cystine/Stone 36/Stone_36_180_rec00000979.tif,Cystine
119,/home/wsl/flashcards/DISK_1/Kidney stones/Cystine/Stone 36/Stone_36_180_rec00000898.tif,Cystine
120,/home/wsl/flashcards/DISK_1/Kidney stones/Cystine/Stone 36/Stone_36_180_rec00001189.tif,Cystine
121,/home/wsl/flashcards/DISK_1/Kidney stones/Cystine/Stone 36/Stone_36_180_rec00001539.tif,Cystine
122,/home/wsl/flashcards/DISK_1/Kidney stones/Cystine/Stone 36/Stone_36_180_rec00001359.tif,Cystine
123,/home/wsl/flashcards/DISK_1/Kidney stones/Cystine/Stone 36/Stone_36_180_rec00000914.tif,Cystine
124,/home/wsl/flashcards/DISK_1/Kidney stones/Cystine/Stone 36/Stone_36_180_rec00001494.tif,Cystine
125,/home/wsl/flashcards/DISK_1/Kidney stones/Cystine/Stone 36/Stone_36_180_rec00001453.tif,Cystine
126,/home/wsl/flashcards/DISK_1/Kidney stones/Cystine/Stone 36/Stone_36_180_rec00001481.tif,Cystine
127,/home/wsl/flashcards/DISK_1/Kidney stones/Cystine/Stone 36/Stone_36_180_rec00001572.tif,Cystine
128,/home/wsl/flashcards/DISK_1/Kidney stones/Cystine/Stone 36/Stone_36_180_rec00001323.tif,Cystine
129,/home/wsl/flashcards/DISK_1/Kidney stones/Cystine/Stone 36/Stone_36_180_rec00001182.tif,Cystine
130,/home/wsl/flashcards/DISK_1/Kidney stones/Cystine/Stone 36/Stone_36_180_rec00001496.tif,Cystine
131,/home/wsl/flashcards/DISK_1/Kidney stones/Cystine/Stone 36/Stone_36_180_rec00001520.tif,Cystine
132,/home/wsl/flashcards/DISK_1/Kidney stones/Cystine/Stone 36/Stone_36_180_rec00001472.tif,Cystine
133,/home/wsl/flashcards/DISK_1/Kidney stones/Cystine/Stone 36/Stone_36_180_rec00001595.tif,Cystine
134,/home/wsl/flashcards/DISK_1/Kidney stones/Cystine/Stone 36/Stone_36_180_rec00001141.tif,Cystine
135,/home/wsl/flashcards/DISK_1/Kidney stones/Cystine/Stone 36/Stone_36_180_rec00001397.tif,Cystine
136,/home/wsl/flashcards/DISK_1/Kidney stones/Cystine/Stone 36/Stone_36_180_rec00001298.tif,Cystine
137,/home/wsl/flashcards/DISK_1/Kidney stones/Cystine/Stone 36/Stone_36_180_rec00001187.tif,Cystine
138,/home/wsl/flashcards/DISK_1/Kidney stones/Cystine/Stone 36/Stone_36_180_rec00000913.tif,Cystine
139,/home/wsl/flashcards/DISK_1/Kidney stones/Cystine/Stone 36/Stone_36_180_rec00001110.tif,Cystine
140,/home/wsl/flashcards/DISK_1/Kidney stones/Cystine/Stone 36/Stone_36_180_rec00001005.tif,Cystine
141,/home/wsl/flashcards/DISK_1/Kidney stones/Cystine/Stone 36/Stone_36_180_rec00000932.tif,Cystine
142,/home/wsl/flashcards/DISK_1/Kidney stones/Cystine/Stone 36/Stone_36_180_rec00001548.tif,Cystine
143,/home/wsl/flashcards/DISK_1/Kidney stones/Cystine/Stone 36/Stone_36_180_rec00001729.tif,Cystine
144,/home/wsl/flashcards/DISK_1/Kidney stones/Cystine/Stone 36/Stone_36_180_rec00001616.tif,Cystine
145,/home/wsl/flashcards/DISK_1/Kidney stones/Cystine/Stone 36/Stone_36_180_rec00001209.tif,Cystine
146,/home/wsl/flashcards/DISK_1/Kidney stones/Cystine/Stone 36/Stone_36_180_rec00001103.tif,Cystine
147,/home/wsl/flashcards/DISK_1/Kidney stones/Cystine/Stone 36/Stone_36_180_rec00001665.tif,Cystine
148,/home/wsl/flashcards/DISK_1/Kidney stones/Cystine/Stone 36/Stone_36_180_rec00001541.tif,Cystine
149,/home/wsl/flashcards/DISK_1/Kidney stones/Cystine/Stone 36/Stone_36_180_rec00001416.tif,Cystine
150,/home/wsl/flashcards/DISK_1/Kidney stones/Cystine/Stone 36/Stone_36_180_rec00001759.tif,Cystine
151,/home/wsl/flashcards/DISK_1/Kidney stones/Cystine/Stone 36/Stone_36_180_rec00001721.tif,Cystine
152,/home/wsl/flashcards/DISK_1/Kidney stones/Cystine/Stone 36/Stone_36_180_rec00001497.tif,Cystine
153,/home/wsl/flashcards/DISK_1/Kidney stones/Cystine/Stone 36/Stone_36_180_rec00001411.tif,Cystine
154,/home/wsl/flashcards/DISK_1/Kidney stones/Cystine/Stone 36/Stone_36_180_rec00000983.tif,Cystine
155,/home/wsl/flashcards/DISK_1/Kidney stones/Cystine/Stone 36/Stone_36_180_rec00001184.tif,Cystine
156,/home/wsl/flashcards/DISK_1/Kidney stones/Cystine/Stone 36/Stone_36_180_rec00001067.tif,Cystine
157,/home/wsl/flashcards/DISK_1/Kidney stones/Cystine/Stone 36/Stone_36_180_rec00001679.tif,Cystine
158,/home/wsl/flashcards/DISK_1/Kidney stones/Cystine/Stone 36/Stone_36_180_rec00001276.tif,Cystine
159,/home/wsl/flashcards/DISK_1/Kidney stones/Cystine/Stone 36/Stone_36_180_rec00001063.tif,Cystine
160,/home/wsl/flashcards/DISK_1/Kidney stones/Cystine/Stone 36/Stone_36_180_rec00001751.tif,Cystine
161,/home/wsl/flashcards/DISK_1/Kidney stones/Cystine/Stone 36/Stone_36_180_rec00001389.tif,Cystine
162,/home/wsl/flashcards/DISK_1/Kidney stones/Cystine/Stone 36/Stone_36_180_rec00001756.tif,Cystine
163,/home/wsl/flashcards/DISK_1/Kidney stones/Cystine/Stone 36/Stone_36_180_rec00001614.tif,Cystine
164,/home/wsl/flashcards/DISK_1/Kidney stones/Cystine/Stone 36/Stone_36_180_rec00001663.tif,Cystine
165,/home/wsl/flashcards/DISK_1/Kidney stones/Cystine/Stone 36/Stone_36_180_rec00001126.tif,Cystine
166,/home/wsl/flashcards/DISK_1/Kidney stones/Cystine/Stone 36/Stone_36_180_rec00001534.tif,Cystine
167,/home/wsl/flashcards/DISK_1/Kidney stones/Cystine/Stone 36/Stone_36_180_rec00001068.tif,Cystine
168,/home/wsl/flashcards/DISK_1/Kidney stones/Cystine/Stone 36/Stone_36_180_rec00001341.tif,Cystine
169,/home/wsl/flashcards/DISK_1/Kidney stones/Cystine/Stone 36/Stone_36_180_rec00001088.tif,Cystine
170,/home/wsl/flashcards/DISK_1/Kidney stones/Cystine/Stone 36/Stone_36_180_rec00001648.tif,Cystine
171,/home/wsl/flashcards/DISK_1/Kidney stones/Cystine/Stone 36/Stone_36_180_rec00001462.tif,Cystine
172,/home/wsl/flashcards/DISK_1/Kidney stones/Cystine/Stone 36/Stone_36_180_rec00001314.tif,Cystine
173,/home/wsl/flashcards/DISK_1/Kidney stones/Cystine/Stone 36/Stone_36_180_rec00001116.tif,Cystine
174,/home/wsl/flashcards/DISK_1/Kidney stones/Cystine/Stone 36/Stone_36_180_rec00001662.tif,Cystine
175,/home/wsl/flashcards/DISK_1/Kidney stones/Cystine/Stone 36/Stone_36_180_rec00001097.tif,Cystine
176,/home/wsl/flashcards/DISK_1/Kidney stones/Cystine/Stone 36/Stone_36_180_rec00001366.tif,Cystine
177,/home/wsl/flashcards/DISK_1/Kidney stones/Cystine/Stone 36/Stone_36_180_rec00001736.tif,Cystine
178,/home/wsl/flashcards/DISK_1/Kidney stones/Cystine/Stone 36/Stone_36_180_rec00001474.tif,Cystine
179,/home/wsl/flashcards/DISK_1/Kidney stones/Cystine/Stone 36/Stone_36_180_rec00000939.tif,Cystine
180,/home/wsl/flashcards/DISK_1/Kidney stones/Cystine/Stone 36/Stone_36_180_rec00000931.tif,Cystine
181,/home/wsl/flashcards/DISK_1/Kidney stones/Cystine/Stone 36/Stone_36_180_rec00001383.tif,Cystine
182,/home/wsl/flashcards/DISK_1/Kidney stones/Cystine/Stone 36/Stone_36_180_rec00001048.tif,Cystine
183,/home/wsl/flashcards/DISK_1/Kidney stones/Cystine/Stone 36/Stone_36_180_rec00001236.tif,Cystine
184,/home/wsl/flashcards/DISK_1/Kidney stones/Cystine/Stone 36/Stone_36_180_rec00001015.tif,Cystine
185,/home/wsl/flashcards/DISK_1/Kidney stones/Cystine/Stone 36/Stone_36_180_rec00001151.tif,Cystine
186,/home/wsl/flashcards/DISK_1/Kidney stones/Cystine/Stone 36/Stone_36_180_rec00001513.tif,Cystine
187,/home/wsl/flashcards/DISK_1/Kidney stones/Cystine/Stone 36/Stone_36_180_rec00001300.tif,Cystine
188,/home/wsl/flashcards/DISK_1/Kidney stones/Cystine/Stone 36/Stone_36_180_rec00001230.tif,Cystine
189,/home/wsl/flashcards/DISK_1/Kidney stones/Cystine/Stone 36/Stone_36_180_rec00001253.tif,Cystine
190,/home/wsl/flashcards/DISK_1/Kidney stones/Cystine/Stone 36/Stone_36_180_rec00001418.tif,Cystine
191,/home/wsl/flashcards/DISK_1/Kidney stones/Cystine/Stone 36/Stone_36_180_rec00001229.tif,Cystine
192,/home/wsl/flashcards/DISK_1/Kidney stones/Cystine/Stone 36/Stone_36_180_rec00001002.tif,Cystine
193,/home/wsl/flashcards/DISK_1/Kidney stones/Cystine/Stone 36/Stone_36_180_rec00001367.tif,Cystine
194,/home/wsl/flashcards/DISK_1/Kidney stones/Cystine/Stone 36/Stone_36_180_rec00001715.tif,Cystine
195,/home/wsl/flashcards/DISK_1/Kidney stones/Cystine/Stone 36/Stone_36_180_rec00001094.tif,Cystine
196,/home/wsl/flashcards/DISK_1/Kidney stones/Cystine/Stone 36/Stone_36_180_rec00001654.tif,Cystine
197,/home/wsl/flashcards/DISK_1/Kidney stones/Cystine/Stone 36/Stone_36_180_rec00001514.tif,Cystine
198,/home/wsl/flashcards/DISK_1/Kidney stones/Cystine/Stone 36/Stone_36_180_rec00001561.tif,Cystine
199,/home/wsl/flashcards/DISK_1/Kidney stones/Cystine/Stone 36/Stone_36_180_rec00001769.tif,Cystine
200,/home/wsl/flashcards/DISK_1/Kidney stones/Cystine/Stone 36/Stone_36_180_rec00001585.tif,Cystine
201,/home/wsl/flashcards/DISK_1/Kidney stones/Cystine/Stone 36/Stone_36_180_rec00001550.tif,Cystine
202,/home/wsl/flashcards/DISK_1/Kidney stones/Cystine/Stone 36/Stone_36_180_rec00001339.tif,Cystine
203,/home/wsl/flashcards/DISK_1/Kidney stones/Cystine/Stone 36/Stone_36_180_rec00001299.tif,Cystine
204,/home/wsl/flashcards/DISK_1/Kidney stones/Cystine/Stone 36/Stone_36_180_rec00001111.tif,Cystine
205,/home/wsl/flashcards/DISK_1/Kidney stones/Cystine/Stone 36/Stone_36_180_rec00001190.tif,Cystine
206,/home/wsl/flashcards/DISK_1/Kidney stones/Cystine/Stone 36/Stone_36_180_rec00001448.tif,Cystine
207,/home/wsl/flashcards/DISK_1/Kidney stones/Cystine/Stone 36/Stone_36_180_rec00000907.tif,Cystine
208,/home/wsl/flashcards/DISK_1/Kidney stones/Cystine/Stone 36/Stone_36_180_rec00001643.tif,Cystine
209,/home/wsl/flashcards/DISK_1/Kidney stones/Cystine/Stone 36/Stone_36_180_rec00000921.tif,Cystine
210,/home/wsl/flashcards/DISK_1/Kidney stones/Cystine/Stone 36/Stone_36_180_rec00001413.tif,Cystine
211,/home/wsl/flashcards/DISK_1/Kidney stones/Cystine/Stone 36/Stone_36_180_rec00001423.tif,Cystine
212,/home/wsl/flashcards/DISK_1/Kidney stones/Cystine/Stone 36/Stone_36_180_rec00001336.tif,Cystine
213,/home/wsl/flashcards/DISK_1/Kidney stones/Cystine/Stone 36/Stone_36_180_rec00001703.tif,Cystine
214,/home/wsl/flashcards/DISK_1/Kidney stones/Cystine/Stone 36/Stone_36_180_rec00001540.tif,Cystine
215,/home/wsl/flashcards/DISK_1/Kidney stones/Cystine/Stone 36/Stone_36_180_rec00001404.tif,Cystine
216,/home/wsl/flashcards/DISK_1/Kidney stones/Cystine/Stone 36/Stone_36_180_rec00001767.tif,Cystine
217,/home/wsl/flashcards/DISK_1/Kidney stones/Cystine/Stone 36/Stone_36_180_rec00001592.tif,Cystine
218,/home/wsl/flashcards/DISK_1/Kidney stones/Cystine/Stone 36/Stone_36_180_rec00001728.tif,Cystine
219,/home/wsl/flashcards/DISK_1/Kidney stones/Cystine/Stone 36/Stone_36_180_rec00001673.tif,Cystine
220,/home/wsl/flashcards/DISK_1/Kidney stones/Cystine/Stone 36/Stone_36_180_rec00001219.tif,Cystine
221,/home/wsl/flashcards/DISK_1/Kidney stones/Cystine/Stone 36/Stone_36_180_rec00001105.tif,Cystine
222,/home/wsl/flashcards/DISK_1/Kidney stones/Cystine/Stone 36/Stone_36_180_rec00001322.tif,Cystine
223,/home/wsl/flashcards/DISK_1/Kidney stones/Cystine/Stone 36/Stone_36_180_rec00001256.tif,Cystine
224,/home/wsl/flashcards/DISK_1/Kidney stones/Cystine/Stone 36/Stone_36_180_rec00001509.tif,Cystine
225,/home/wsl/flashcards/DISK_1/Kidney stones/Cystine/Stone 36/Stone_36_180_rec00001682.tif,Cystine
226,/home/wsl/flashcards/DISK_1/Kidney stones/Cystine/Stone 36/Stone_36_180_rec00001700.tif,Cystine
227,/home/wsl/flashcards/DISK_1/Kidney stones/Cystine/Stone 36/Stone_36_180_rec00001712.tif,Cystine
228,/home/wsl/flashcards/DISK_1/Kidney stones/Cystine/Stone 36/Stone_36_180_rec00001351.tif,Cystine
229,/home/wsl/flashcards/DISK_1/Kidney stones/Cystine/Stone 36/Stone_36_180_rec00001051.tif,Cystine
230,/home/wsl/flashcards/DISK_1/Kidney stones/Cystine/Stone 36/Stone_36_180_rec00001148.tif,Cystine
231,/home/wsl/flashcards/DISK_1/Kidney stones/Cystine/Stone 36/Stone_36_180_rec00001405.tif,Cystine
232,/home/wsl/flashcards/DISK_1/Kidney stones/Cystine/Stone 36/Stone_36_180_rec00001737.tif,Cystine
233,/home/wsl/flashcards/DISK_1/Kidney stones/Cystine/Stone 36/Stone_36_180_rec00001726.tif,Cystine
234,/home/wsl/flashcards/DISK_1/Kidney stones/Cystine/Stone 36/Stone_36_180_rec00001525.tif,Cystine
235,/home/wsl/flashcards/DISK_1/Kidney stones/Cystine/Stone 36/Stone_36_180_rec00001102.tif,Cystine
236,/home/wsl/flashcards/DISK_1/Kidney stones/Cystine/Stone 36/Stone_36_180_rec00001119.tif,Cystine
237,/home/wsl/flashcards/DISK_1/Kidney stones/Cystine/Stone 36/Stone_36_180_rec00001579.tif,Cystine
238,/home/wsl/flashcards/DISK_1/Kidney stones/Cystine/Stone 36/Stone_36_180_rec00001735.tif,Cystine
239,/home/wsl/flashcards/DISK_1/Kidney stones/Cystine/Stone 36/Stone_36_180_rec00001645.tif,Cystine
240,/home/wsl/flashcards/DISK_1/Kidney stones/Cystine/Stone 36/Stone_36_180_rec00001228.tif,Cystine
241,/home/wsl/flashcards/DISK_1/Kidney stones/Cystine/Stone 36/Stone_36_180_rec00001092.tif,Cystine
242,/home/wsl/flashcards/DISK_1/Kidney stones/Cystine/Stone 36/Stone_36_180_rec00000975.tif,Cystine
243,/home/wsl/flashcards/DISK_1/Kidney stones/Cystine/Stone 36/Stone_36_180_rec00001214.tif,Cystine
244,/home/wsl/flashcards/DISK_1/Kidney stones/Cystine/Stone 36/Stone_36_180_rec00001055.tif,Cystine
245,/home/wsl/flashcards/DISK_1/Kidney stones/Cystine/Stone 36/Stone_36_180_rec00001468.tif,Cystine
246,/home/wsl/flashcards/DISK_1/Kidney stones/Cystine/Stone 36/Stone_36_180_rec00001374.tif,Cystine
247,/home/wsl/flashcards/DISK_1/Kidney stones/Cystine/Stone 36/Stone_36_180_rec00001755.tif,Cystine
248,/home/wsl/flashcards/DISK_1/Kidney stones/Cystine/Stone 36/Stone_36_180_rec00001444.tif,Cystine
249,/home/wsl/flashcards/DISK_1/Kidney stones/Cystine/Stone 36/Stone_36_180_rec00001503.tif,Cystine
250,/home/wsl/flashcards/DISK_1/Kidney stones/Cystine/Stone 36/Stone_36_180_rec00001171.tif,Cystine
251,/home/wsl/flashcards/DISK_1/Kidney stones/Cystine/Stone 36/Stone_36_180_rec00001211.tif,Cystine
252,/home/wsl/flashcards/DISK_1/Kidney stones/Cystine/Stone 36/Stone_36_180_rec00001275.tif,Cystine
253,/home/wsl/flashcards/DISK_1/Kidney stones/Cystine/Stone 36/Stone_36_180_rec00001594.tif,Cystine
254,/home/wsl/flashcards/DISK_1/Kidney stones/Cystine/Stone 36/Stone_36_180_rec00001722.tif,Cystine
255,/home/wsl/flashcards/DISK_1/Kidney stones/Cystine/Stone 36/Stone_36_180_rec00000895.tif,Cystine
256,/home/wsl/flashcards/DISK_1/Kidney stones/Cystine/Stone 36/Stone_36_180_rec00001465.tif,Cystine
257,/home/wsl/flashcards/DISK_1/Kidney stones/Cystine/Stone 36/Stone_36_180_rec00001381.tif,Cystine
258,/home/wsl/flashcards/DISK_1/Kidney stones/Cystine/Stone 36/Stone_36_180_rec00001591.tif,Cystine
259,/home/wsl/flashcards/DISK_1/Kidney stones/Cystine/Stone 36/Stone_36_180_rec00001445.tif,Cystine
260,/home/wsl/flashcards/DISK_1/Kidney stones/Cystine/Stone 36/Stone_36_180_rec00001369.tif,Cystine
261,/home/wsl/flashcards/DISK_1/Kidney stones/Cystine/Stone 36/Stone_36_180_rec00001382.tif,Cystine
262,/home/wsl/flashcards/DISK_1/Kidney stones/Cystine/Stone 36/Stone_36_180_rec00001628.tif,Cystine
263,/home/wsl/flashcards/DISK_1/Kidney stones/Cystine/Stone 36/Stone_36_180_rec00001255.tif,Cystine
264,/home/wsl/flashcards/DISK_1/Kidney stones/Cystine/Stone 36/Stone_36_180_rec00001424.tif,Cystine
265,/home/wsl/flashcards/DISK_1/Kidney stones/Cystine/Stone 36/Stone_36_180_rec00001653.tif,Cystine
266,/home/wsl/flashcards/DISK_1/Kidney stones/Cystine/Stone 36/Stone_36_180_rec00001714.tif,Cystine
267,/home/wsl/flashcards/DISK_1/Kidney stones/Cystine/Stone 36/Stone_36_180_rec00001342.tif,Cystine
268,/home/wsl/flashcards/DISK_1/Kidney stones/Cystine/Stone 36/Stone_36_180_rec00001091.tif,Cystine
269,/home/wsl/flashcards/DISK_1/Kidney stones/Cystine/Stone 36/Stone_36_180_rec00001516.tif,Cystine
270,/home/wsl/flashcards/DISK_1/Kidney stones/Cystine/Stone 36/Stone_36_180_rec00001259.tif,Cystine
271,/home/wsl/flashcards/DISK_1/Kidney stones/Cystine/Stone 36/Stone_36_180_rec00001526.tif,Cystine
272,/home/wsl/flashcards/DISK_1/Kidney stones/Cystine/Stone 36/Stone_36_180_rec00001235.tif,Cystine
273,/home/wsl/flashcards/DISK_1/Kidney stones/Cystine/Stone 36/Stone_36_180_rec00001061.tif,Cystine
274,/home/wsl/flashcards/DISK_1/Kidney stones/Cystine/Stone 36/Stone_36_180_rec00001280.tif,Cystine
275,/home/wsl/flashcards/DISK_1/Kidney stones/Cystine/Stone 36/Stone_36_180_rec00001154.tif,Cystine
276,/home/wsl/flashcards/DISK_1/Kidney stones/Cystine/Stone 36/Stone_36_180_rec00001739.tif,Cystine
277,/home/wsl/flashcards/DISK_1/Kidney stones/Cystine/Stone 36/Stone_36_180_rec00001206.tif,Cystine
278,/home/wsl/flashcards/DISK_1/Kidney stones/Cystine/Stone 36/Stone_36_180_rec00000794.tif,Cystine
279,/home/wsl/flashcards/DISK_1/Kidney stones/Cystine/Stone 36/Stone_36_180_rec00001100.tif,Cystine
280,/home/wsl/flashcards/DISK_1/Kidney stones/Cystine/Stone 36/Stone_36_180_rec00001223.tif,Cystine
281,/home/wsl/flashcards/DISK_1/Kidney stones/Cystine/Stone 36/Stone_36_180_rec00001263.tif,Cystine
282,/home/wsl/flashcards/DISK_1/Kidney stones/Cystine/Stone 36/Stone_36_180_rec00001399.tif,Cystine
283,/home/wsl/flashcards/DISK_1/Kidney stones/Cystine/Stone 36/Stone_36_180_rec00001326.tif,Cystine
284,/home/wsl/flashcards/DISK_1/Kidney stones/Cystine/Stone 36/Stone_36_180_rec00001030.tif,Cystine
285,/home/wsl/flashcards/DISK_1/Kidney stones/Cystine/Stone 36/Stone_36_180_rec00000928.tif,Cystine
286,/home/wsl/flashcards/DISK_1/Kidney stones/Cystine/Stone 36/Stone_36_180_rec00001627.tif,Cystine
287,/home/wsl/flashcards/DISK_1/Kidney stones/Cystine/Stone 36/Stone_36_180_rec00001571.tif,Cystine
288,/home/wsl/flashcards/DISK_1/Kidney stones/Cystine/Stone 36/Stone_36_180_rec00001708.tif,Cystine
289,/home/wsl/flashcards/DISK_1/Kidney stones/Cystine/Stone 36/Stone_36_180_rec00001090.tif,Cystine
290,/home/wsl/flashcards/DISK_1/Kidney stones/Cystine/Stone 36/Stone_36_180_rec00001846.tif,Cystine
291,/home/wsl/flashcards/DISK_1/Kidney stones/Cystine/Stone 36/Stone_36_180_rec00001507.tif,Cystine
292,/home/wsl/flashcards/DISK_1/Kidney stones/Cystine/Stone 36/Stone_36_180_rec00001354.tif,Cystine
293,/home/wsl/flashcards/DISK_1/Kidney stones/Cystine/Stone 36/Stone_36_180_rec00001127.tif,Cystine
294,/home/wsl/flashcards/DISK_1/Kidney stones/Cystine/Stone 36/Stone_36_180_rec00001065.tif,Cystine
295,/home/wsl/flashcards/DISK_1/Kidney stones/Cystine/Stone 36/Stone_36_180_rec00001669.tif,Cystine
296,/home/wsl/flashcards/DISK_1/Kidney stones/Cystine/Stone 36/Stone_36_180_rec00001318.tif,Cystine
297,/home/wsl/flashcards/DISK_1/Kidney stones/Cystine/Stone 36/Stone_36_180_rec00001428.tif,Cystine
298,/home/wsl/flashcards/DISK_1/Kidney stones/Cystine/Stone 36/Stone_36_180_rec00001130.tif,Cystine
299,/home/wsl/flashcards/DISK_1/Kidney stones/Cystine/Stone 36/Stone_36_180_rec00001207.tif,Cystine
300,/home/wsl/flashcards/DISK_1/Kidney stones/Cystine/Stone 36/Stone_36_180_rec00001443.tif,Cystine
301,/home/wsl/flashcards/DISK_1/Kidney stones/Cystine/Stone 36/Stone_36_180_rec00001698.tif,Cystine
302,/home/wsl/flashcards/DISK_1/Kidney stones/Cystine/Stone 36/Stone_36_180_rec00001153.tif,Cystine
303,/home/wsl/flashcards/DISK_1/Kidney stones/Cystine/Stone 36/Stone_36_180_rec00001414.tif,Cystine
304,/home/wsl/flashcards/DISK_1/Kidney stones/Cystine/Stone 36/Stone_36_180_rec00001431.tif,Cystine
305,/home/wsl/flashcards/DISK_1/Kidney stones/Cystine/Stone 36/Stone_36_180_rec00001196.tif,Cystine
306,/home/wsl/flashcards/DISK_1/Kidney stones/Cystine/Stone 36/Stone_36_180_rec00001320.tif,Cystine
307,/home/wsl/flashcards/DISK_1/Kidney stones/Cystine/Stone 36/Stone_36_180_rec00001042.tif,Cystine
308,/home/wsl/flashcards/DISK_1/Kidney stones/Cystine/Stone 36/Stone_36_180_rec00001365.tif,Cystine
309,/home/wsl/flashcards/DISK_1/Kidney stones/Cystine/Stone 36/Stone_36_180_rec00001368.tif,Cystine
310,/home/wsl/flashcards/DISK_1/Kidney stones/Cystine/Stone 36/Stone_36_180_rec00001690.tif,Cystine
311,/home/wsl/flashcards/DISK_1/Kidney stones/Cystine/Stone 36/Stone_36_180_rec00000938.tif,Cystine
312,/home/wsl/flashcards/DISK_1/Kidney stones/Cystine/Stone 36/Stone_36_180_rec00001766.tif,Cystine
313,/home/wsl/flashcards/DISK_1/Kidney stones/Cystine/Stone 36/Stone_36_180_rec00001420.tif,Cystine
314,/home/wsl/flashcards/DISK_1/Kidney stones/Cystine/Stone 36/Stone_36_180_rec00000969.tif,Cystine
315,/home/wsl/flashcards/DISK_1/Kidney stones/Cystine/Stone 36/Stone_36_180_rec00001742.tif,Cystine
316,/home/wsl/flashcards/DISK_1/Kidney stones/Cystine/Stone 36/Stone_36_180_rec00001307.tif,Cystine
317,/home/wsl/flashcards/DISK_1/Kidney stones/Cystine/Stone 36/Stone_36_180_rec00000943.tif,Cystine
318,/home/wsl/flashcards/DISK_1/Kidney stones/Cystine/Stone 36/Stone_36_180_rec00000900.tif,Cystine
319,/home/wsl/flashcards/DISK_1/Kidney stones/Cystine/Stone 36/Stone_36_180_rec00001657.tif,Cystine
320,/home/wsl/flashcards/DISK_1/Kidney stones/Cystine/Stone 36/Stone_36_180_rec00000930.tif,Cystine
321,/home/wsl/flashcards/DISK_1/Kidney stones/Cystine/Stone 36/Stone_36_180_rec00001563.tif,Cystine
322,/home/wsl/flashcards/DISK_1/Kidney stones/Cystine/Stone 36/Stone_36_180_rec00001198.tif,Cystine
323,/home/wsl/flashcards/DISK_1/Kidney stones/Cystine/Stone 36/Stone_36_180_rec00001611.tif,Cystine
324,/home/wsl/flashcards/DISK_1/Kidney stones/Cystine/Stone 36/Stone_36_180_rec00000956.tif,Cystine
325,/home/wsl/flashcards/DISK_1/Kidney stones/Cystine/Stone 36/Stone_36_180_rec00001337.tif,Cystine
326,/home/wsl/flashcards/DISK_1/Kidney stones/Cystine/Stone 36/Stone_36_180_rec00001303.tif,Cystine
327,/home/wsl/flashcards/DISK_1/Kidney stones/Cystine/Stone 36/Stone_36_180_rec00000941.tif,Cystine
328,/home/wsl/flashcards/DISK_1/Kidney stones/Cystine/Stone 36/Stone_36_180_rec00001618.tif,Cystine
329,/home/wsl/flashcards/DISK_1/Kidney stones/Cystine/Stone 36/Stone_36_180_rec00000945.tif,Cystine
330,/home/wsl/flashcards/DISK_1/Kidney stones/Cystine/Stone 36/Stone_36_180_rec00001159.tif,Cystine
331,/home/wsl/flashcards/DISK_1/Kidney stones/Cystine/Stone 36/Stone_36_180_rec00001395.tif,Cystine
332,/home/wsl/flashcards/DISK_1/Kidney stones/Cystine/Stone 36/Stone_36_180_rec00001071.tif,Cystine
333,/home/wsl/flashcards/DISK_1/Kidney stones/Cystine/Stone 36/Stone_36_180_rec00001536.tif,Cystine
334,/home/wsl/flashcards/DISK_1/Kidney stones/Cystine/Stone 36/Stone_36_180_rec00001630.tif,Cystine
335,/home/wsl/flashcards/DISK_1/Kidney stones/Cystine/Stone 36/Stone_36_180_rec00001194.tif,Cystine
336,/home/wsl/flashcards/DISK_1/Kidney stones/Cystine/Stone 36/Stone_36_180_rec00001758.tif,Cystine
337,/home/wsl/flashcards/DISK_1/Kidney stones/Cystine/Stone 36/Stone_36_180_rec00001412.tif,Cystine
338,/home/wsl/flashcards/DISK_1/Kidney stones/Cystine/Stone 36/Stone_36_180_rec00001242.tif,Cystine
339,/home/wsl/flashcards/DISK_1/Kidney stones/Cystine/Stone 36/Stone_36_180_rec00001406.tif,Cystine
340,/home/wsl/flashcards/DISK_1/Kidney stones/Cystine/Stone 36/Stone_36_180_rec00001006.tif,Cystine
341,/home/wsl/flashcards/DISK_1/Kidney stones/Cystine/Stone 36/Stone_36_180_rec00001567.tif,Cystine
342,/home/wsl/flashcards/DISK_1/Kidney stones/Cystine/Stone 36/Stone_36_180_rec00001060.tif,Cystine
343,/home/wsl/flashcards/DISK_1/Kidney stones/Cystine/Stone 36/Stone_36_180_rec00000974.tif,Cystine
344,/home/wsl/flashcards/DISK_1/Kidney stones/Cystine/Stone 36/Stone_36_180_rec00001384.tif,Cystine
345,/home/wsl/flashcards/DISK_1/Kidney stones/Cystine/Stone 36/Stone_36_180_rec00001325.tif,Cystine
346,/home/wsl/flashcards/DISK_1/Kidney stones/Cystine/Stone 36/Stone_36_180_rec00001768.tif,Cystine
347,/home/wsl/flashcards/DISK_1/Kidney stones/Cystine/Stone 36/Stone_36_180_rec00001523.tif,Cystine
348,/home/wsl/flashcards/DISK_1/Kidney stones/Cystine/Stone 36/Stone_36_180_rec00001004.tif,Cystine
349,/home/wsl/flashcards/DISK_1/Kidney stones/Cystine/Stone 36/Stone_36_180_rec00001512.tif,Cystine
350,/home/wsl/flashcards/DISK_1/Kidney stones/Cystine/Stone 36/Stone_36_180_rec00001687.tif,Cystine
351,/home/wsl/flashcards/DISK_1/Kidney stones/Cystine/Stone 36/Stone_36_180_rec00001639.tif,Cystine
352,/home/wsl/flashcards/DISK_1/Kidney stones/Cystine/Stone 36/Stone_36_180_rec00001163.tif,Cystine
353,/home/wsl/flashcards/DISK_1/Kidney stones/Cystine/Stone 36/Stone_36_180_rec00001178.tif,Cystine
354,/home/wsl/flashcards/DISK_1/Kidney stones/Cystine/Stone 36/Stone_36_180_rec00001014.tif,Cystine
355,/home/wsl/flashcards/DISK_1/Kidney stones/Cystine/Stone 36/Stone_36_180_rec00000973.tif,Cystine
356,/home/wsl/flashcards/DISK_1/Kidney stones/Cystine/Stone 36/Stone_36_180_rec00001505.tif,Cystine
357,/home/wsl/flashcards/DISK_1/Kidney stones/Cystine/Stone 36/Stone_36_180_rec00001475.tif,Cystine
358,/home/wsl/flashcards/DISK_1/Kidney stones/Cystine/Stone 36/Stone_36_180_rec00001120.tif,Cystine
359,/home/wsl/flashcards/DISK_1/Kidney stones/Cystine/Stone 36/Stone_36_180_rec00001041.tif,Cystine
360,/home/wsl/flashcards/DISK_1/Kidney stones/Cystine/Stone 36/Stone_36_180_rec00001562.tif,Cystine
361,/home/wsl/flashcards/DISK_1/Kidney stones/Cystine/Stone 36/Stone_36_180_rec00000773.tif,Cystine
362,/home/wsl/flashcards/DISK_1/Kidney stones/Cystine/Stone 36/Stone_36_180_rec00001204.tif,Cystine
363,/home/wsl/flashcards/DISK_1/Kidney stones/Cystine/Stone 36/Stone_36_180_rec00001432.tif,Cystine
364,/home/wsl/flashcards/DISK_1/Kidney stones/Cystine/Stone 36/Stone_36_180_rec00001349.tif,Cystine
365,/home/wsl/flashcards/DISK_1/Kidney stones/Cystine/Stone 36/Stone_36_180_rec00001510.tif,Cystine
366,/home/wsl/flashcards/DISK_1/Kidney stones/Cystine/Stone 36/Stone_36_180_rec00001489.tif,Cystine
367,/home/wsl/flashcards/DISK_1/Kidney stones/Cystine/Stone 36/Stone_36_180_rec00000952.tif,Cystine
368,/home/wsl/flashcards/DISK_1/Kidney stones/Cystine/Stone 36/Stone_36_180_rec00001409.tif,Cystine
369,/home/wsl/flashcards/DISK_1/Kidney stones/Cystine/Stone 36/Stone_36_180_rec00001429.tif,Cystine
370,/home/wsl/flashcards/DISK_1/Kidney stones/Cystine/Stone 36/Stone_36_180_rec00001600.tif,Cystine
371,/home/wsl/flashcards/DISK_1/Kidney stones/Cystine/Stone 36/Stone_36_180_rec00001062.tif,Cystine
372,/home/wsl/flashcards/DISK_1/Kidney stones/Cystine/Stone 36/Stone_36_180_rec00001086.tif,Cystine
373,/home/wsl/flashcards/DISK_1/Kidney stones/Cystine/Stone 36/Stone_36_180_rec00001193.tif,Cystine
374,/home/wsl/flashcards/DISK_1/Kidney stones/Cystine/Stone 36/Stone_36_180_rec00001096.tif,Cystine
375,/home/wsl/flashcards/DISK_1/Kidney stones/Cystine/Stone 36/Stone_36_180_rec00001054.tif,Cystine
376,/home/wsl/flashcards/DISK_1/Kidney stones/Cystine/Stone 36/Stone_36_180_rec00001479.tif,Cystine
377,/home/wsl/flashcards/DISK_1/Kidney stones/Cystine/Stone 36/Stone_36_180_rec00001087.tif,Cystine
378,/home/wsl/flashcards/DISK_1/Kidney stones/Cystine/Stone 36/Stone_36_180_rec00001145.tif,Cystine
379,/home/wsl/flashcards/DISK_1/Kidney stones/Cystine/Stone 36/Stone_36_180_rec00000912.tif,Cystine
380,/home/wsl/flashcards/DISK_1/Kidney stones/Cystine/Stone 36/Stone_36_180_rec00001181.tif,Cystine
381,/home/wsl/flashcards/DISK_1/Kidney stones/Cystine/Stone 36/Stone_36_180_rec00001590.tif,Cystine
382,/home/wsl/flashcards/DISK_1/Kidney stones/Cystine/Stone 36/Stone_36_180_rec00001535.tif,Cystine
383,/home/wsl/flashcards/DISK_1/Kidney stones/Cystine/Stone 36/Stone_36_180_rec00000920.tif,Cystine
384,/home/wsl/flashcards/DISK_1/Kidney stones/Cystine/Stone 36/Stone_36_180_rec00001471.tif,Cystine
385,/home/wsl/flashcards/DISK_1/Kidney stones/Cystine/Stone 36/Stone_36_180_rec00001098.tif,Cystine
386,/home/wsl/flashcards/DISK_1/Kidney stones/Cystine/Stone 36/Stone_36_180_rec00001685.tif,Cystine
387,/home/wsl/flashcards/DISK_1/Kidney stones/Cystine/Stone 36/Stone_36_180_rec00001261.tif,Cystine
388,/home/wsl/flashcards/DISK_1/Kidney stones/Cystine/Stone 36/Stone_36_180_rec00001620.tif,Cystine
389,/home/wsl/flashcards/DISK_1/Kidney stones/Cystine/Stone 36/Stone_36_180_rec00001557.tif,Cystine
390,/home/wsl/flashcards/DISK_1/Kidney stones/Cystine/Stone 36/Stone_36_180_rec00000949.tif,Cystine
391,/home/wsl/flashcards/DISK_1/Kidney stones/Cystine/Stone 36/Stone_36_180_rec00001388.tif,Cystine
392,/home/wsl/flashcards/DISK_1/Kidney stones/Cystine/Stone 36/Stone_36_180_rec00001701.tif,Cystine
393,/home/wsl/flashcards/DISK_1/Kidney stones/Cystine/Stone 36/Stone_36_180_rec00001043.tif,Cystine
394,/home/wsl/flashcards/DISK_1/Kidney stones/Cystine/Stone 36/Stone_36_180_rec00001502.tif,Cystine
395,/home/wsl/flashcards/DISK_1/Kidney stones/Cystine/Stone 36/Stone_36_180_rec00000832.tif,Cystine
396,/home/wsl/flashcards/DISK_1/Kidney stones/Cystine/Stone 36/Stone_36_180_rec00001316.tif,Cystine
397,/home/wsl/flashcards/DISK_1/Kidney stones/Cystine/Stone 36/Stone_36_180_rec00001192.tif,Cystine
398,/home/wsl/flashcards/DISK_1/Kidney stones/Cystine/Stone 36/Stone_36_180_rec00001008.tif,Cystine
399,/home/wsl/flashcards/DISK_1/Kidney stones/Cystine/Stone 36/Stone_36_180_rec00001504.tif,Cystine
400,/home/wsl/flashcards/DISK_1/Kidney stones/Cystine/Stone 36/Stone_36_180_rec00000882.tif,Cystine
401,/home/wsl/flashcards/DISK_1/Kidney stones/Cystine/Stone 36/Stone_36_180_rec00000965.tif,Cystine
402,/home/wsl/flashcards/DISK_1/Kidney stones/Cystine/Stone 36/Stone_36_180_rec00000940.tif,Cystine
403,/home/wsl/flashcards/DISK_1/Kidney stones/Cystine/Stone 36/Stone_36_180_rec00001258.tif,Cystine
404,/home/wsl/flashcards/DISK_1/Kidney stones/Cystine/Stone 36/Stone_36_180_rec00001588.tif,Cystine
405,/home/wsl/flashcards/DISK_1/Kidney stones/Cystine/Stone 36/Stone_36_180_rec00001089.tif,Cystine
406,/home/wsl/flashcards/DISK_1/Kidney stones/Cystine/Stone 36/Stone_36_180_rec00001554.tif,Cystine
407,/home/wsl/flashcards/DISK_1/Kidney stones/Cystine/Stone 36/Stone_36_180_rec00001425.tif,Cystine
408,/home/wsl/flashcards/DISK_1/Kidney stones/Cystine/Stone 36/Stone_36_180_rec00001704.tif,Cystine
409,/home/wsl/flashcards/DISK_1/Kidney stones/Cystine/Stone 36/Stone_36_180_rec00001667.tif,Cystine
410,/home/wsl/flashcards/DISK_1/Kidney stones/Cystine/Stone 36/Stone_36_180_rec00000901.tif,Cystine
411,/home/wsl/flashcards/DISK_1/Kidney stones/Cystine/Stone 36/Stone_36_180_rec00001231.tif,Cystine
412,/home/wsl/flashcards/DISK_1/Kidney stones/Cystine/Stone 36/Stone_36_180_rec00001056.tif,Cystine
413,/home/wsl/flashcards/DISK_1/Kidney stones/Cystine/Stone 36/Stone_36_180_rec00000929.tif,Cystine
414,/home/wsl/flashcards/DISK_1/Kidney stones/Cystine/Stone 36/Stone_36_180_rec00001022.tif,Cystine
415,/home/wsl/flashcards/DISK_1/Kidney stones/Cystine/Stone 36/Stone_36_180_rec00001597.tif,Cystine
416,/home/wsl/flashcards/DISK_1/Kidney stones/Cystine/Stone 36/Stone_36_180_rec00001174.tif,Cystine
417,/home/wsl/flashcards/DISK_1/Kidney stones/Cystine/Stone 36/Stone_36_180_rec00001312.tif,Cystine
418,/home/wsl/flashcards/DISK_1/Kidney stones/Cystine/Stone 36/Stone_36_180_rec00001215.tif,Cystine
419,/home/wsl/flashcards/DISK_1/Kidney stones/Cystine/Stone 36/Stone_36_180_rec00001234.tif,Cystine
420,/home/wsl/flashcards/DISK_1/Kidney stones/Cystine/Stone 36/Stone_36_180_rec00001150.tif,Cystine
421,/home/wsl/flashcards/DISK_1/Kidney stones/Cystine/Stone 36/Stone_36_180_rec00001577.tif,Cystine
422,/home/wsl/flashcards/DISK_1/Kidney stones/Cystine/Stone 36/Stone_36_180_rec00000982.tif,Cystine
423,/home/wsl/flashcards/DISK_1/Kidney stones/Cystine/Stone 36/Stone_36_180_rec00001602.tif,Cystine
424,/home/wsl/flashcards/DISK_1/Kidney stones/Cystine/Stone 36/Stone_36_180_rec00001180.tif,Cystine
425,/home/wsl/flashcards/DISK_1/Kidney stones/Cystine/Stone 36/Stone_36_180_rec00001558.tif,Cystine
426,/home/wsl/flashcards/DISK_1/Kidney stones/Cystine/Stone 36/Stone_36_180_rec00000954.tif,Cystine
427,/home/wsl/flashcards/DISK_1/Kidney stones/Cystine/Stone 36/Stone_36_180_rec00000967.tif,Cystine
428,/home/wsl/flashcards/DISK_1/Kidney stones/Cystine/Stone 36/Stone_36_180_rec00001683.tif,Cystine
429,/home/wsl/flashcards/DISK_1/Kidney stones/Cystine/Stone 36/Stone_36_180_rec00001278.tif,Cystine
430,/home/wsl/flashcards/DISK_1/Kidney stones/Cystine/Stone 36/Stone_36_180_rec00001208.tif,Cystine
431,/home/wsl/flashcards/DISK_1/Kidney stones/Cystine/Stone 36/Stone_36_180_rec00001466.tif,Cystine
432,/home/wsl/flashcards/DISK_1/Kidney stones/Cystine/Stone 36/Stone_36_180_rec00001064.tif,Cystine
433,/home/wsl/flashcards/DISK_1/Kidney stones/Cystine/Stone 36/Stone_36_180_rec00001688.tif,Cystine
434,/home/wsl/flashcards/DISK_1/Kidney stones/Cystine/Stone 36/Stone_36_180_rec00001387.tif,Cystine
435,/home/wsl/flashcards/DISK_1/Kidney stones/Cystine/Stone 36/Stone_36_180_rec00001334.tif,Cystine
436,/home/wsl/flashcards/DISK_1/Kidney stones/Cystine/Stone 36/Stone_36_180_rec00000924.tif,Cystine
437,/home/wsl/flashcards/DISK_1/Kidney stones/Cystine/Stone 36/Stone_36_180_rec00001083.tif,Cystine
438,/home/wsl/flashcards/DISK_1/Kidney stones/Cystine/Stone 36/Stone_36_180_rec00000987.tif,Cystine
439,/home/wsl/flashcards/DISK_1/Kidney stones/Cystine/Stone 36/Stone_36_180_rec00001202.tif,Cystine
440,/home/wsl/flashcards/DISK_1/Kidney stones/Cystine/Stone 36/Stone_36_180_rec00000911.tif,Cystine
441,/home/wsl/flashcards/DISK_1/Kidney stones/Cystine/Stone 36/Stone_36_180_rec00001651.tif,Cystine
442,/home/wsl/flashcards/DISK_1/Kidney stones/Cystine/Stone 36/Stone_36_180_rec00001124.tif,Cystine
443,/home/wsl/flashcards/DISK_1/Kidney stones/Cystine/Stone 36/Stone_36_180_rec00001137.tif,Cystine
444,/home/wsl/flashcards/DISK_1/Kidney stones/Cystine/Stone 36/Stone_36_180_rec00001695.tif,Cystine
445,/home/wsl/flashcards/DISK_1/Kidney stones/Cystine/Stone 36/Stone_36_180_rec00001044.tif,Cystine
446,/home/wsl/flashcards/DISK_1/Kidney stones/Cystine/Stone 36/Stone_36_180_rec00001340.tif,Cystine
447,/home/wsl/flashcards/DISK_1/Kidney stones/Cystine/Stone 36/Stone_36_180_rec00001449.tif,Cystine
448,/home/wsl/flashcards/DISK_1/Kidney stones/Cystine/Stone 36/Stone_36_180_rec00001694.tif,Cystine
449,/home/wsl/flashcards/DISK_1/Kidney stones/Cystine/Stone 36/Stone_36_180_rec00001138.tif,Cystine
450,/home/wsl/flashcards/DISK_1/Kidney stones/Cystine/Stone 36/Stone_36_180_rec00001012.tif,Cystine
451,/home/wsl/flashcards/DISK_1/Kidney stones/Cystine/Stone 36/Stone_36_180_rec00001582.tif,Cystine
452,/home/wsl/flashcards/DISK_1/Kidney stones/Cystine/Stone 36/Stone_36_180_rec00001455.tif,Cystine
453,/home/wsl/flashcards/DISK_1/Kidney stones/Cystine/Stone 36/Stone_36_180_rec00001107.tif,Cystine
454,/home/wsl/flashcards/DISK_1/Kidney stones/Cystine/Stone 36/Stone_36_180_rec00001422.tif,Cystine
455,/home/wsl/flashcards/DISK_1/Kidney stones/Cystine/Stone 36/Stone_36_180_rec00001460.tif,Cystine
456,/home/wsl/flashcards/DISK_1/Kidney stones/Cystine/Stone 36/Stone_36_180_rec00001165.tif,Cystine
457,/home/wsl/flashcards/DISK_1/Kidney stones/Cystine/Stone 36/Stone_36_180_rec00000883.tif,Cystine
458,/home/wsl/flashcards/DISK_1/Kidney stones/Cystine/Stone 36/Stone_36_180_rec00001692.tif,Cystine
459,/home/wsl/flashcards/DISK_1/Kidney stones/Cystine/Stone 36/Stone_36_180_rec00001551.tif,Cystine
460,/home/wsl/flashcards/DISK_1/Kidney stones/Cystine/Stone 36/Stone_36_180_rec00001200.tif,Cystine
461,/home/wsl/flashcards/DISK_1/Kidney stones/Cystine/Stone 36/Stone_36_180_rec00001482.tif,Cystine
462,/home/wsl/flashcards/DISK_1/Kidney stones/Cystine/Stone 36/Stone_36_180_rec00001400.tif,Cystine
463,/home/wsl/flashcards/DISK_1/Kidney stones/Cystine/Stone 36/Stone_36_180_rec00001033.tif,Cystine
464,/home/wsl/flashcards/DISK_1/Kidney stones/Cystine/Stone 36/Stone_36_180_rec00001301.tif,Cystine
465,/home/wsl/flashcards/DISK_1/Kidney stones/Cystine/Stone 36/Stone_36_180_rec00001149.tif,Cystine
466,/home/wsl/flashcards/DISK_1/Kidney stones/Cystine/Stone 36/Stone_36_180_rec00001268.tif,Cystine
467,/home/wsl/flashcards/DISK_1/Kidney stones/Cystine/Stone 36/Stone_36_180_rec00001375.tif,Cystine
468,/home/wsl/flashcards/DISK_1/Kidney stones/Cystine/Stone 36/Stone_36_180_rec00001833.tif,Cystine
469,/home/wsl/flashcards/DISK_1/Kidney stones/Cystine/Stone 36/Stone_36_180_rec00001352.tif,Cystine
470,/home/wsl/flashcards/DISK_1/Kidney stones/Cystine/Stone 36/Stone_36_180_rec00001106.tif,Cystine
471,/home/wsl/flashcards/DISK_1/Kidney stones/Cystine/Stone 36/Stone_36_180_rec00001007.tif,Cystine
472,/home/wsl/flashcards/DISK_1/Kidney stones/Cystine/Stone 36/Stone_36_180_rec00001491.tif,Cystine
473,/home/wsl/flashcards/DISK_1/Kidney stones/Cystine/Stone 36/Stone_36_180_rec00000991.tif,Cystine
474,/home/wsl/flashcards/DISK_1/Kidney stones/Cystine/Stone 36/Stone_36_180_rec00001112.tif,Cystine
475,/home/wsl/flashcards/DISK_1/Kidney stones/Cystine/Stone 36/Stone_36_180_rec00001564.tif,Cystine
476,/home/wsl/flashcards/DISK_1/Kidney stones/Cystine/Stone 36/Stone_36_180_rec00001674.tif,Cystine
477,/home/wsl/flashcards/DISK_1/Kidney stones/Cystine/Stone 36/Stone_36_180_rec00001574.tif,Cystine
478,/home/wsl/flashcards/DISK_1/Kidney stones/Cystine/Stone 36/Stone_36_180_rec00000957.tif,Cystine
479,/home/wsl/flashcards/DISK_1/Kidney stones/Cystine/Stone 36/Stone_36_180_rec00001447.tif,Cystine
480,/home/wsl/flashcards/DISK_1/Kidney stones/Cystine/Stone 36/Stone_36_180_rec00001053.tif,Cystine
481,/home/wsl/flashcards/DISK_1/Kidney stones/Cystine/Stone 36/Stone_36_180_rec00001517.tif,Cystine
482,/home/wsl/flashcards/DISK_1/Kidney stones/Cystine/Stone 36/Stone_36_180_rec00001748.tif,Cystine
483,/home/wsl/flashcards/DISK_1/Kidney stones/Cystine/Stone 36/Stone_36_180_rec00000908.tif,Cystine
484,/home/wsl/flashcards/DISK_1/Kidney stones/Cystine/Stone 36/Stone_36_180_rec00000995.tif,Cystine
485,/home/wsl/flashcards/DISK_1/Kidney stones/Cystine/Stone 36/Stone_36_180_rec00000894.tif,Cystine
486,/home/wsl/flashcards/DISK_1/Kidney stones/Cystine/Stone 36/Stone_36_180_rec00001188.tif,Cystine
487,/home/wsl/flashcards/DISK_1/Kidney stones/Cystine/Stone 36/Stone_36_180_rec00001599.tif,Cystine
488,/home/wsl/flashcards/DISK_1/Kidney stones/Cystine/Stone 36/Stone_36_180_rec00001135.tif,Cystine
489,/home/wsl/flashcards/DISK_1/Kidney stones/Cystine/Stone 36/Stone_36_180_rec00001652.tif,Cystine
490,/home/wsl/flashcards/DISK_1/Kidney stones/Cystine/Stone 36/Stone_36_180_rec00001346.tif,Cystine
491,/home/wsl/flashcards/DISK_1/Kidney stones/Cystine/Stone 36/Stone_36_180_rec00001038.tif,Cystine
492,/home/wsl/flashcards/DISK_1/Kidney stones/Cystine/Stone 36/Stone_36_180_rec00001773.tif,Cystine
493,/home/wsl/flashcards/DISK_1/Kidney stones/Cystine/Stone 36/Stone_36_180_rec00000964.tif,Cystine
494,/home/wsl/flashcards/DISK_1/Kidney stones/Cystine/Stone 36/Stone_36_180_rec00001668.tif,Cystine
495,/home/wsl/flashcards/DISK_1/Kidney stones/Cystine/Stone 36/Stone_36_180_rec00001638.tif,Cystine
496,/home/wsl/flashcards/DISK_1/Kidney stones/Cystine/Stone 36/Stone_36_180_rec00001727.tif,Cystine
497,/home/wsl/flashcards/DISK_1/Kidney stones/Cystine/Stone 36/Stone_36_180_rec00001095.tif,Cystine
498,/home/wsl/flashcards/DISK_1/Kidney stones/Cystine/Stone 36/Stone_36_180_rec00001287.tif,Cystine
499,/home/wsl/flashcards/DISK_1/Kidney stones/Cystine/Stone 36/Stone_36_180_rec00000917.tif,Cystine
500,/home/wsl/flashcards/DISK_1/Kidney stones/Cystine/Stone 36/Stone_36_180_rec00001252.tif,Cystine
501,/home/wsl/flashcards/DISK_1/Kidney stones/Cystine/Stone 36/Stone_36_180_rec00001569.tif,Cystine
502,/home/wsl/flashcards/DISK_1/Kidney stones/Cystine/Stone 36/Stone_36_180_rec00001617.tif,Cystine
503,/home/wsl/flashcards/DISK_1/Kidney stones/Cystine/Stone 36/Stone_36_180_rec00001581.tif,Cystine
504,/home/wsl/flashcards/DISK_1/Kidney stones/Cystine/Stone 36/Stone_36_180_rec00001408.tif,Cystine
505,/home/wsl/flashcards/DISK_1/Kidney stones/Cystine/Stone 36/Stone_36_180_rec00001170.tif,Cystine
506,/home/wsl/flashcards/DISK_1/Kidney stones/Cystine/Stone 36/Stone_36_180_rec00001696.tif,Cystine
507,/home/wsl/flashcards/DISK_1/Kidney stones/Cystine/Stone 36/Stone_36_180_rec00001329.tif,Cystine
508,/home/wsl/flashcards/DISK_1/Kidney stones/Cystine/Stone 36/Stone_36_180_rec00001660.tif,Cystine
509,/home/wsl/flashcards/DISK_1/Kidney stones/Cystine/Stone 36/Stone_36_180_rec00001227.tif,Cystine
510,/home/wsl/flashcards/DISK_1/Kidney stones/Cystine/Stone 36/Stone_36_180_rec00001636.tif,Cystine
511,/home/wsl/flashcards/DISK_1/Kidney stones/Cystine/Stone 36/Stone_36_180_rec00001129.tif,Cystine
512,/home/wsl/flashcards/DISK_1/Kidney stones/Cystine/Stone 36/Stone_36_180_rec00001173.tif,Cystine
513,/home/wsl/flashcards/DISK_1/Kidney stones/Cystine/Stone 36/Stone_36_180_rec00001093.tif,Cystine
514,/home/wsl/flashcards/DISK_1/Kidney stones/Cystine/Stone 36/Stone_36_180_rec00001290.tif,Cystine
515,/home/wsl/flashcards/DISK_1/Kidney stones/Cystine/Stone 36/Stone_36_180_rec00001658.tif,Cystine
516,/home/wsl/flashcards/DISK_1/Kidney stones/Cystine/Stone 36/Stone_36_180_rec00001845.tif,Cystine
517,/home/wsl/flashcards/DISK_1/Kidney stones/Cystine/Stone 36/Stone_36_180_rec00001457.tif,Cystine
518,/home/wsl/flashcards/DISK_1/Kidney stones/Cystine/Stone 36/Stone_36_180_rec00001350.tif,Cystine
519,/home/wsl/flashcards/DISK_1/Kidney stones/Cystine/Stone 36/Stone_36_180_rec00000958.tif,Cystine
520,/home/wsl/flashcards/DISK_1/Kidney stones/Cystine/Stone 36/Stone_36_180_rec00001552.tif,Cystine
521,/home/wsl/flashcards/DISK_1/Kidney stones/Cystine/Stone 36/Stone_36_180_rec00000947.tif,Cystine
522,/home/wsl/flashcards/DISK_1/Kidney stones/Cystine/Stone 36/Stone_36_180_rec00001144.tif,Cystine
523,/home/wsl/flashcards/DISK_1/Kidney stones/Cystine/Stone 36/Stone_36_180_rec00001684.tif,Cystine
524,/home/wsl/flashcards/DISK_1/Kidney stones/Cystine/Stone 36/Stone_36_180_rec00001156.tif,Cystine
525,/home/wsl/flashcards/DISK_1/Kidney stones/Cystine/Stone 36/Stone_36_180_rec00001568.tif,Cystine
526,/home/wsl/flashcards/DISK_1/Kidney stones/Cystine/Stone 36/Stone_36_180_rec00001765.tif,Cystine
527,/home/wsl/flashcards/DISK_1/Kidney stones/Cystine/Stone 36/Stone_36_180_rec00001772.tif,Cystine
528,/home/wsl/flashcards/DISK_1/Kidney stones/Cystine/Stone 36/Stone_36_180_rec00001169.tif,Cystine
529,/home/wsl/flashcards/DISK_1/Kidney stones/Cystine/Stone 36/Stone_36_180_rec00001123.tif,Cystine
530,/home/wsl/flashcards/DISK_1/Kidney stones/Cystine/Stone 36/Stone_36_180_rec00001378.tif,Cystine
531,/home/wsl/flashcards/DISK_1/Kidney stones/Cystine/Stone 36/Stone_36_180_rec00001034.tif,Cystine
532,/home/wsl/flashcards/DISK_1/Kidney stones/Cystine/Stone 36/Stone_36_180_rec00001575.tif,Cystine
533,/home/wsl/flashcards/DISK_1/Kidney stones/Cystine/Stone 36/Stone_36_180_rec00001640.tif,Cystine
534,/home/wsl/flashcards/DISK_1/Kidney stones/Cystine/Stone 36/Stone_36_180_rec00001644.tif,Cystine
535,/home/wsl/flashcards/DISK_1/Kidney stones/Cystine/Stone 36/Stone_36_180_rec00001666.tif,Cystine
536,/home/wsl/flashcards/DISK_1/Kidney stones/Cystine/Stone 36/Stone_36_180_rec00001225.tif,Cystine
537,/home/wsl/flashcards/DISK_1/Kidney stones/Cystine/Stone 36/Stone_36_180_rec00001749.tif,Cystine
538,/home/wsl/flashcards/DISK_1/Kidney stones/Cystine/Stone 36/Stone_36_180_rec00001555.tif,Cystine
539,/home/wsl/flashcards/DISK_1/Kidney stones/Cystine/Stone 36/Stone_36_180_rec00001763.tif,Cystine
540,/home/wsl/flashcards/DISK_1/Kidney stones/Cystine/Stone 36/Stone_36_180_rec00001542.tif,Cystine
541,/home/wsl/flashcards/DISK_1/Kidney stones/Cystine/Stone 36/Stone_36_180_rec00001811.tif,Cystine
542,/home/wsl/flashcards/DISK_1/Kidney stones/Cystine/Stone 36/Stone_36_180_rec00001641.tif,Cystine
543,/home/wsl/flashcards/DISK_1/Kidney stones/Cystine/Stone 36/Stone_36_180_rec00001410.tif,Cystine
544,/home/wsl/flashcards/DISK_1/Kidney stones/Cystine/Stone 36/Stone_36_180_rec00001292.tif,Cystine
545,/home/wsl/flashcards/DISK_1/Kidney stones/Cystine/Stone 36/Stone_36_180_rec00001161.tif,Cystine
546,/home/wsl/flashcards/DISK_1/Kidney stones/Cystine/Stone 36/Stone_36_180_rec00001117.tif,Cystine
547,/home/wsl/flashcards/DISK_1/Kidney stones/Cystine/Stone 36/Stone_36_180_rec00001108.tif,Cystine
548,/home/wsl/flashcards/DISK_1/Kidney stones/Cystine/Stone 36/Stone_36_180_rec00000994.tif,Cystine
549,/home/wsl/flashcards/DISK_1/Kidney stones/Cystine/Stone 36/Stone_36_180_rec00001524.tif,Cystine
550,/home/wsl/flashcards/DISK_1/Kidney stones/Cystine/Stone 36/Stone_36_180_rec00000972.tif,Cystine
551,/home/wsl/flashcards/DISK_1/Kidney stones/Cystine/Stone 36/Stone_36_180_rec00000829.tif,Cystine
552,/home/wsl/flashcards/DISK_1/Kidney stones/Cystine/Stone 36/Stone_36_180_rec00001506.tif,Cystine
553,/home/wsl/flashcards/DISK_1/Kidney stones/Cystine/Stone 36/Stone_36_180_rec00001626.tif,Cystine
554,/home/wsl/flashcards/DISK_1/Kidney stones/Cystine/Stone 36/Stone_36_180_rec00001362.tif,Cystine
555,/home/wsl/flashcards/DISK_1/Kidney stones/Cystine/Stone 36/Stone_36_180_rec00001844.tif,Cystine
556,/home/wsl/flashcards/DISK_1/Kidney stones/Cystine/Stone 36/Stone_36_180_rec00001078.tif,Cystine
557,/home/wsl/flashcards/DISK_1/Kidney stones/Cystine/Stone 36/Stone_36_180_rec00001134.tif,Cystine
558,/home/wsl/flashcards/DISK_1/Kidney stones/Cystine/Stone 36/Stone_36_180_rec00001750.tif,Cystine
559,/home/wsl/flashcards/DISK_1/Kidney stones/Cystine/Stone 36/Stone_36_180_rec00001586.tif,Cystine
560,/home/wsl/flashcards/DISK_1/Kidney stones/Cystine/Stone 36/Stone_36_180_rec00001040.tif,Cystine
561,/home/wsl/flashcards/DISK_1/Kidney stones/Cystine/Stone 36/Stone_36_180_rec00001035.tif,Cystine
562,/home/wsl/flashcards/DISK_1/Kidney stones/Cystine/Stone 36/Stone_36_180_rec00001049.tif,Cystine
563,/home/wsl/flashcards/DISK_1/Kidney stones/Cystine/Stone 36/Stone_36_180_rec00001670.tif,Cystine
564,/home/wsl/flashcards/DISK_1/Kidney stones/Cystine/Stone 36/Stone_36_180_rec00001158.tif,Cystine
565,/home/wsl/flashcards/DISK_1/Kidney stones/Cystine/Stone 36/Stone_36_180_rec00001487.tif,Cystine
566,/home/wsl/flashcards/DISK_1/Kidney stones/Cystine/Stone 36/Stone_36_180_rec00001118.tif,Cystine
567,/home/wsl/flashcards/DISK_1/Kidney stones/Cystine/Stone 36/Stone_36_180_rec00000922.tif,Cystine
568,/home/wsl/flashcards/DISK_1/Kidney stones/Cystine/Stone 36/Stone_36_180_rec00000793.tif,Cystine
569,/home/wsl/flashcards/DISK_1/Kidney stones/Cystine/Stone 36/Stone_36_180_rec00001710.tif,Cystine
570,/home/wsl/flashcards/DISK_1/Kidney stones/Cystine/Stone 36/Stone_36_180_rec00001533.tif,Cystine
571,/home/wsl/flashcards/DISK_1/Kidney stones/Cystine/Stone 36/Stone_36_180_rec00001143.tif,Cystine
572,/home/wsl/flashcards/DISK_1/Kidney stones/Cystine/Stone 36/Stone_36_180_rec00001486.tif,Cystine
573,/home/wsl/flashcards/DISK_1/Kidney stones/Cystine/Stone 36/Stone_36_180_rec00001168.tif,Cystine
574,/home/wsl/flashcards/DISK_1/Kidney stones/Cystine/Stone 36/Stone_36_180_rec00001009.tif,Cystine
575,/home/wsl/flashcards/DISK_1/Kidney stones/Cystine/Stone 36/Stone_36_180_rec00001157.tif,Cystine
576,/home/wsl/flashcards/DISK_1/Kidney stones/Cystine/Stone 36/Stone_36_180_rec00001760.tif,Cystine
577,/home/wsl/flashcards/DISK_1/Kidney stones/Cystine/Stone 36/Stone_36_180_rec00001257.tif,Cystine
578,/home/wsl/flashcards/DISK_1/Kidney stones/Cystine/Stone 36/Stone_36_180_rec00001319.tif,Cystine
579,/home/wsl/flashcards/DISK_1/Kidney stones/Cystine/Stone 36/Stone_36_180_rec00001114.tif,Cystine
580,/home/wsl/flashcards/DISK_1/Kidney stones/Cystine/Stone 36/Stone_36_180_rec00001324.tif,Cystine
581,/home/wsl/flashcards/DISK_1/Kidney stones/Cystine/Stone 36/Stone_36_180_rec00001355.tif,Cystine
582,/home/wsl/flashcards/DISK_1/Kidney stones/Cystine/Stone 36/Stone_36_180_rec00001622.tif,Cystine
583,/home/wsl/flashcards/DISK_1/Kidney stones/Cystine/Stone 36/Stone_36_180_rec00001013.tif,Cystine
584,/home/wsl/flashcards/DISK_1/Kidney stones/Cystine/Stone 36/Stone_36_180_rec00001330.tif,Cystine
585,/home/wsl/flashcards/DISK_1/Kidney stones/Cystine/Stone 36/Stone_36_180_rec00001676.tif,Cystine
586,/home/wsl/flashcards/DISK_1/Kidney stones/Cystine/Stone 36/Stone_36_180_rec00001195.tif,Cystine
587,/home/wsl/flashcards/DISK_1/Kidney stones/Cystine/Stone 36/Stone_36_180_rec00001212.tif,Cystine
588,/home/wsl/flashcards/DISK_1/Kidney stones/Cystine/Stone 36/Stone_36_180_rec00001191.tif,Cystine
589,/home/wsl/flashcards/DISK_1/Kidney stones/Cystine/Stone 36/Stone_36_180_rec00001338.tif,Cystine
590,/home/wsl/flashcards/DISK_1/Kidney stones/Cystine/Stone 36/Stone_36_180_rec00000977.tif,Cystine
591,/home/wsl/flashcards/DISK_1/Kidney stones/Cystine/Stone 36/Stone_36_180_rec00001152.tif,Cystine
592,/home/wsl/flashcards/DISK_1/Kidney stones/Cystine/Stone 36/Stone_36_180_rec00000978.tif,Cystine
593,/home/wsl/flashcards/DISK_1/Kidney stones/Cystine/Stone 36/Stone_36_180_rec00001308.tif,Cystine
594,/home/wsl/flashcards/DISK_1/Kidney stones/Cystine/Stone 36/Stone_36_180_rec00001532.tif,Cystine
595,/home/wsl/flashcards/DISK_1/Kidney stones/Cystine/Stone 36/Stone_36_180_rec00001309.tif,Cystine
596,/home/wsl/flashcards/DISK_1/Kidney stones/Cystine/Stone 36/Stone_36_180_rec00001210.tif,Cystine
597,/home/wsl/flashcards/DISK_1/Kidney stones/Cystine/Stone 36/Stone_36_180_rec00001613.tif,Cystine
598,/home/wsl/flashcards/DISK_1/Kidney stones/Cystine/Stone 36/Stone_36_180_rec00001305.tif,Cystine
599,/home/wsl/flashcards/DISK_1/Kidney stones/Cystine/Stone 36/Stone_36_180_rec00001631.tif,Cystine
600,/home/wsl/flashcards/DISK_1/Kidney stones/Cystine/Stone 36/Stone_36_180_rec00001183.tif,Cystine
601,/home/wsl/flashcards/DISK_1/Kidney stones/Cystine/Stone 36/Stone_36_180_rec00001364.tif,Cystine
602,/home/wsl/flashcards/DISK_1/Kidney stones/Cystine/Stone 36/Stone_36_180_rec00001037.tif,Cystine
603,/home/wsl/flashcards/DISK_1/Kidney stones/Cystine/Stone 36/Stone_36_180_rec00001072.tif,Cystine
604,/home/wsl/flashcards/DISK_1/Kidney stones/Cystine/Stone 36/Stone_36_180_rec00001245.tif,Cystine
605,/home/wsl/flashcards/DISK_1/Kidney stones/Cystine/Stone 36/Stone_36_180_rec00000959.tif,Cystine
606,/home/wsl/flashcards/DISK_1/Kidney stones/Cystine/Stone 36/Stone_36_180_rec00001270.tif,Cystine
607,/home/wsl/flashcards/DISK_1/Kidney stones/Cystine/Stone 36/Stone_36_180_rec00001485.tif,Cystine
608,/home/wsl/flashcards/DISK_1/Kidney stones/Cystine/Stone 36/Stone_36_180_rec00001262.tif,Cystine
609,/home/wsl/flashcards/DISK_1/Kidney stones/Cystine/Stone 36/Stone_36_180_rec00001632.tif,Cystine
610,/home/wsl/flashcards/DISK_1/Kidney stones/Cystine/Stone 36/Stone_36_180_rec00000944.tif,Cystine
611,/home/wsl/flashcards/DISK_1/Kidney stones/Cystine/Stone 36/Stone_36_180_rec00001328.tif,Cystine
612,/home/wsl/flashcards/DISK_1/Kidney stones/Cystine/Stone 36/Stone_36_180_rec00001547.tif,Cystine
613,/home/wsl/flashcards/DISK_1/Kidney stones/Cystine/Stone 36/Stone_36_180_rec00000933.tif,Cystine
614,/home/wsl/flashcards/DISK_1/Kidney stones/Cystine/Stone 36/Stone_36_180_rec00001421.tif,Cystine
615,/home/wsl/flashcards/DISK_1/Kidney stones/Cystine/Stone 36/Stone_36_180_rec00001731.tif,Cystine
616,/home/wsl/flashcards/DISK_1/Kidney stones/Cystine/Stone 36/Stone_36_180_rec00000897.tif,Cystine
617,/home/wsl/flashcards/DISK_1/Kidney stones/Cystine/Stone 36/Stone_36_180_rec00000915.tif,Cystine
618,/home/wsl/flashcards/DISK_1/Kidney stones/Cystine/Stone 36/Stone_36_180_rec00001286.tif,Cystine
619,/home/wsl/flashcards/DISK_1/Kidney stones/Cystine/Stone 36/Stone_36_180_rec00000992.tif,Cystine
620,/home/wsl/flashcards/DISK_1/Kidney stones/Cystine/Stone 36/Stone_36_180_rec00001559.tif,Cystine
621,/home/wsl/flashcards/DISK_1/Kidney stones/Cystine/Stone 36/Stone_36_180_rec00001237.tif,Cystine
622,/home/wsl/flashcards/DISK_1/Kidney stones/Cystine/Stone 36/Stone_36_180_rec00001427.tif,Cystine
623,/home/wsl/flashcards/DISK_1/Kidney stones/Cystine/Stone 36/Stone_36_180_rec00001356.tif,Cystine
624,/home/wsl/flashcards/DISK_1/Kidney stones/Cystine/Stone 36/Stone_36_180_rec00001426.tif,Cystine
625,/home/wsl/flashcards/DISK_1/Kidney stones/Cystine/Stone 36/Stone_36_180_rec00000937.tif,Cystine
626,/home/wsl/flashcards/DISK_1/Kidney stones/Cystine/Stone 36/Stone_36_180_rec00001464.tif,Cystine
627,/home/wsl/flashcards/DISK_1/Kidney stones/Cystine/Stone 36/Stone_36_180_rec00001608.tif,Cystine
628,/home/wsl/flashcards/DISK_1/Kidney stones/Cystine/Stone 36/Stone_36_180_rec00001220.tif,Cystine
629,/home/wsl/flashcards/DISK_1/Kidney stones/Cystine/Stone 36/Stone_36_180_rec00001289.tif,Cystine
630,/home/wsl/flashcards/DISK_1/Kidney stones/Cystine/Stone 36/Stone_36_180_rec00001205.tif,Cystine
631,/home/wsl/flashcards/DISK_1/Kidney stones/Cystine/Stone 36/Stone_36_180_rec00001724.tif,Cystine
632,/home/wsl/flashcards/DISK_1/Kidney stones/Cystine/Stone 36/Stone_36_180_rec00001442.tif,Cystine
633,/home/wsl/flashcards/DISK_1/Kidney stones/Cystine/Stone 36/Stone_36_180_rec00001515.tif,Cystine
634,/home/wsl/flashcards/DISK_1/Kidney stones/Cystine/Stone 36/Stone_36_180_rec00001344.tif,Cystine
635,/home/wsl/flashcards/DISK_1/Kidney stones/Cystine/Stone 36/Stone_36_180_rec00001711.tif,Cystine
636,/home/wsl/flashcards/DISK_1/Kidney stones/Cystine/Stone 36/Stone_36_180_rec00001508.tif,Cystine
637,/home/wsl/flashcards/DISK_1/Kidney stones/Cystine/Stone 36/Stone_36_180_rec00001003.tif,Cystine
638,/home/wsl/flashcards/DISK_1/Kidney stones/Cystine/Stone 36/Stone_36_180_rec00000926.tif,Cystine
639,/home/wsl/flashcards/DISK_1/Kidney stones/Cystine/Stone 36/Stone_36_180_rec00001001.tif,Cystine
640,/home/wsl/flashcards/DISK_1/Kidney stones/Cystine/Stone 36/Stone_36_180_rec00001417.tif,Cystine
641,/home/wsl/flashcards/DISK_1/Kidney stones/Cystine/Stone 36/Stone_36_180_rec00001304.tif,Cystine
642,/home/wsl/flashcards/DISK_1/Kidney stones/Cystine/Stone 36/Stone_36_180_rec00001451.tif,Cystine
643,/home/wsl/flashcards/DISK_1/Kidney stones/Cystine/Stone 36/Stone_36_180_rec00001499.tif,Cystine
644,/home/wsl/flashcards/DISK_1/Kidney stones/Cystine/Stone 36/Stone_36_180_rec00001810.tif,Cystine
645,/home/wsl/flashcards/DISK_1/Kidney stones/Cystine/Stone 36/Stone_36_180_rec00001162.tif,Cystine
646,/home/wsl/flashcards/DISK_1/Kidney stones/Cystine/Stone 36/Stone_36_180_rec00001478.tif,Cystine
647,/home/wsl/flashcards/DISK_1/Kidney stones/Cystine/Stone 36/Stone_36_180_rec00001264.tif,Cystine
648,/home/wsl/flashcards/DISK_1/Kidney stones/Cystine/Stone 36/Stone_36_180_rec00001266.tif,Cystine
649,/home/wsl/flashcards/DISK_1/Kidney stones/Cystine/Stone 36/Stone_36_180_rec00001603.tif,Cystine
650,/home/wsl/flashcards/DISK_1/Kidney stones/Cystine/Stone 36/Stone_36_180_rec00001583.tif,Cystine
651,/home/wsl/flashcards/DISK_1/Kidney stones/Cystine/Stone 36/Stone_36_180_rec00000919.tif,Cystine
652,/home/wsl/flashcards/DISK_1/Kidney stones/Cystine/Stone 36/Stone_36_180_rec00001027.tif,Cystine
653,/home/wsl/flashcards/DISK_1/Kidney stones/Cystine/Stone 36/Stone_36_180_rec00001385.tif,Cystine
654,/home/wsl/flashcards/DISK_1/Kidney stones/Cystine/Stone 36/Stone_36_180_rec00001646.tif,Cystine
655,/home/wsl/flashcards/DISK_1/Kidney stones/Cystine/Stone 36/Stone_36_180_rec00001010.tif,Cystine
656,/home/wsl/flashcards/DISK_1/Kidney stones/Cystine/Stone 36/Stone_36_180_rec00001199.tif,Cystine
657,/home/wsl/flashcards/DISK_1/Kidney stones/Cystine/Stone 36/Stone_36_180_rec00001240.tif,Cystine
658,/home/wsl/flashcards/DISK_1/Kidney stones/Cystine/Stone 36/Stone_36_180_rec00001311.tif,Cystine
659,/home/wsl/flashcards/DISK_1/Kidney stones/Cystine/Stone 36/Stone_36_180_rec00001593.tif,Cystine
660,/home/wsl/flashcards/DISK_1/Kidney stones/Cystine/Stone 36/Stone_36_180_rec00001025.tif,Cystine
661,/home/wsl/flashcards/DISK_1/Kidney stones/Cystine/Stone 36/Stone_36_180_rec00001296.tif,Cystine
662,/home/wsl/flashcards/DISK_1/Kidney stones/Cystine/Stone 36/Stone_36_180_rec00001393.tif,Cystine
663,/home/wsl/flashcards/DISK_1/Kidney stones/Cystine/Stone 36/Stone_36_180_rec00001436.tif,Cystine
664,/home/wsl/flashcards/DISK_1/Kidney stones/Cystine/Stone 36/Stone_36_180_rec00001226.tif,Cystine
665,/home/wsl/flashcards/DISK_1/Kidney stones/Cystine/Stone 36/Stone_36_180_rec00001125.tif,Cystine
666,/home/wsl/flashcards/DISK_1/Kidney stones/Cystine/Stone 36/Stone_36_180_rec00001680.tif,Cystine
667,/home/wsl/flashcards/DISK_1/Kidney stones/Cystine/Stone 36/Stone_36_180_rec00001177.tif,Cystine
668,/home/wsl/flashcards/DISK_1/Kidney stones/Cystine/Stone 36/Stone_36_180_rec00001016.tif,Cystine
669,/home/wsl/flashcards/DISK_1/Kidney stones/Cystine/Stone 36/Stone_36_180_rec00001331.tif,Cystine
670,/home/wsl/flashcards/DISK_1/Kidney stones/Cystine/Stone 36/Stone_36_180_rec00001473.tif,Cystine
671,/home/wsl/flashcards/DISK_1/Kidney stones/Cystine/Stone 36/Stone_36_180_rec00001401.tif,Cystine
672,/home/wsl/flashcards/DISK_1/Kidney stones/Cystine/Stone 36/Stone_36_180_rec00001719.tif,Cystine
673,/home/wsl/flashcards/DISK_1/Kidney stones/Cystine/Stone 36/Stone_36_180_rec00000960.tif,Cystine
674,/home/wsl/flashcards/DISK_1/Kidney stones/Cystine/Stone 36/Stone_36_180_rec00000961.tif,Cystine
675,/home/wsl/flashcards/DISK_1/Kidney stones/Cystine/Stone 36/Stone_36_180_rec00001699.tif,Cystine
676,/home/wsl/flashcards/DISK_1/Kidney stones/Cystine/Stone 36/Stone_36_180_rec00001671.tif,Cystine
677,/home/wsl/flashcards/DISK_1/Kidney stones/Cystine/Stone 36/Stone_36_180_rec00001023.tif,Cystine
678,/home/wsl/flashcards/DISK_1/Kidney stones/Cystine/Stone 36/Stone_36_180_rec00001691.tif,Cystine
679,/home/wsl/flashcards/DISK_1/Kidney stones/Cystine/Stone 36/Stone_36_180_rec00001615.tif,Cystine
680,/home/wsl/flashcards/DISK_1/Kidney stones/Cystine/Stone 36/Stone_36_180_rec00001360.tif,Cystine
681,/home/wsl/flashcards/DISK_1/Kidney stones/Cystine/Stone 36/Stone_36_180_rec00001476.tif,Cystine
682,/home/wsl/flashcards/DISK_1/Kidney stones/Cystine/Stone 36/Stone_36_180_rec00001446.tif,Cystine
683,/home/wsl/flashcards/DISK_1/Kidney stones/Cystine/Stone 36/Stone_36_180_rec00001706.tif,Cystine
684,/home/wsl/flashcards/DISK_1/Kidney stones/Cystine/Stone 36/Stone_36_180_rec00000824.tif,Cystine
685,/home/wsl/flashcards/DISK_1/Kidney stones/Cystine/Stone 36/Stone_36_180_rec00001635.tif,Cystine
686,/home/wsl/flashcards/DISK_1/Kidney stones/Cystine/Stone 36/Stone_36_180_rec00001146.tif,Cystine
687,/home/wsl/flashcards/DISK_1/Kidney stones/Cystine/Stone 36/Stone_36_180_rec00001370.tif,Cystine
688,/home/wsl/flashcards/DISK_1/Kidney stones/Cystine/Stone 36/Stone_36_180_rec00001172.tif,Cystine
689,/home/wsl/flashcards/DISK_1/Kidney stones/Cystine/Stone 36/Stone_36_180_rec00001376.tif,Cystine
690,/home/wsl/flashcards/DISK_1/Kidney stones/Cystine/Stone 36/Stone_36_180_rec00000903.tif,Cystine
691,/home/wsl/flashcards/DISK_1/Kidney stones/Cystine/Stone 36/Stone_36_180_rec00001113.tif,Cystine
692,/home/wsl/flashcards/DISK_1/Kidney stones/Cystine/Stone 36/Stone_36_180_rec00001131.tif,Cystine
693,/home/wsl/flashcards/DISK_1/Kidney stones/Cystine/Stone 36/Stone_36_180_rec00001254.tif,Cystine
694,/home/wsl/flashcards/DISK_1/Kidney stones/Cystine/Stone 36/Stone_36_180_rec00001396.tif,Cystine
695,/home/wsl/flashcards/DISK_1/Kidney stones/Cystine/Stone 36/Stone_36_180_rec00000905.tif,Cystine
696,/home/wsl/flashcards/DISK_1/Kidney stones/Cystine/Stone 36/Stone_36_180_rec00001031.tif,Cystine
697,/home/wsl/flashcards/DISK_1/Kidney stones/Cystine/Stone 36/Stone_36_180_rec00001578.tif,Cystine
698,/home/wsl/flashcards/DISK_1/Kidney stones/Cystine/Stone 36/Stone_36_180_rec00001315.tif,Cystine
699,/home/wsl/flashcards/DISK_1/Kidney stones/Cystine/Stone 36/Stone_36_180_rec00001528.tif,Cystine
700,/home/wsl/flashcards/DISK_1/Kidney stones/Cystine/Stone 36/Stone_36_180_rec00001484.tif,Cystine
701,/home/wsl/flashcards/DISK_1/Kidney stones/Cystine/Stone 36/Stone_36_180_rec00001147.tif,Cystine
702,/home/wsl/flashcards/DISK_1/Kidney stones/Cystine/Stone 36/Stone_36_180_rec00001723.tif,Cystine
703,/home/wsl/flashcards/DISK_1/Kidney stones/Cystine/Stone 36/Stone_36_180_rec00001371.tif,Cystine
704,/home/wsl/flashcards/DISK_1/Kidney stones/Cystine/Stone 36/Stone_36_180_rec00001136.tif,Cystine
705,/home/wsl/flashcards/DISK_1/Kidney stones/Cystine/Stone 36/Stone_36_180_rec00001770.tif,Cystine
706,/home/wsl/flashcards/DISK_1/Kidney stones/Cystine/Stone 36/Stone_36_180_rec00001469.tif,Cystine
707,/home/wsl/flashcards/DISK_1/Kidney stones/Cystine/Stone 36/Stone_36_180_rec00001477.tif,Cystine
708,/home/wsl/flashcards/DISK_1/Kidney stones/Cystine/Stone 36/Stone_36_180_rec00001026.tif,Cystine
709,/home/wsl/flashcards/DISK_1/Kidney stones/Cystine/Stone 36/Stone_36_180_rec00001379.tif,Cystine
710,/home/wsl/flashcards/DISK_1/Kidney stones/Cystine/Stone 36/Stone_36_180_rec00001052.tif,Cystine
711,/home/wsl/flashcards/DISK_1/Kidney stones/Cystine/Stone 36/Stone_36_180_rec00001664.tif,Cystine
712,/home/wsl/flashcards/DISK_1/Kidney stones/Cystine/Stone 36/Stone_36_180_rec00001011.tif,Cystine
713,/home/wsl/flashcards/DISK_1/Kidney stones/Cystine/Stone 36/Stone_36_180_rec00000942.tif,Cystine
714,/home/wsl/flashcards/DISK_1/Kidney stones/Cystine/Stone 36/Stone_36_180_rec00001720.tif,Cystine
715,/home/wsl/flashcards/DISK_1/Kidney stones/Cystine/Stone 36/Stone_36_180_rec00000993.tif,Cystine
716,/home/wsl/flashcards/DISK_1/Kidney stones/Cystine/Stone 36/Stone_36_180_rec00001279.tif,Cystine
717,/home/wsl/flashcards/DISK_1/Kidney stones/Cystine/Stone 36/Stone_36_180_rec00001332.tif,Cystine
718,/home/wsl/flashcards/DISK_1/Kidney stones/Cystine/Stone 36/Stone_36_180_rec00000996.tif,Cystine
719,/home/wsl/flashcards/DISK_1/Kidney stones/Cystine/Stone 36/Stone_36_180_rec00001609.tif,Cystine
720,/home/wsl/flashcards/DISK_1/Kidney stones/Cystine/Stone 36/Stone_36_180_rec00001762.tif,Cystine
721,/home/wsl/flashcards/DISK_1/Kidney stones/Cystine/Stone 36/Stone_36_180_rec00001284.tif,Cystine
722,/home/wsl/flashcards/DISK_1/Kidney stones/Cystine/Stone 36/Stone_36_180_rec00001274.tif,Cystine
723,/home/wsl/flashcards/DISK_1/Kidney stones/Cystine/Stone 36/Stone_36_180_rec00001269.tif,Cystine
724,/home/wsl/flashcards/DISK_1/Kidney stones/Cystine/Stone 36/Stone_36_180_rec00001398.tif,Cystine
725,/home/wsl/flashcards/DISK_1/Kidney stones/Cystine/Stone 36/Stone_36_180_rec00001085.tif,Cystine
726,/home/wsl/flashcards/DISK_1/Kidney stones/Cystine/Stone 36/Stone_36_180_rec00001285.tif,Cystine
727,/home/wsl/flashcards/DISK_1/Kidney stones/Cystine/Stone 36/Stone_36_180_rec00001310.tif,Cystine
728,/home/wsl/flashcards/DISK_1/Kidney stones/Cystine/Stone 36/Stone_36_180_rec00001059.tif,Cystine
729,/home/wsl/flashcards/DISK_1/Kidney stones/Cystine/Stone 36/Stone_36_180_rec00001531.tif,Cystine
730,/home/wsl/flashcards/DISK_1/Kidney stones/Cystine/Stone 36/Stone_36_180_rec00001829.tif,Cystine
731,/home/wsl/flashcards/DISK_1/Kidney stones/Cystine/Stone 36/Stone_36_180_rec00001343.tif,Cystine
732,/home/wsl/flashcards/DISK_1/Kidney stones/Cystine/Stone 36/Stone_36_180_rec00001705.tif,Cystine
733,/home/wsl/flashcards/DISK_1/Kidney stones/Cystine/Stone 36/Stone_36_180_rec00000968.tif,Cystine
734,/home/wsl/flashcards/DISK_1/Kidney stones/Cystine/Stone 36/Stone_36_180_rec00000970.tif,Cystine
735,/home/wsl/flashcards/DISK_1/Kidney stones/Cystine/Stone 36/Stone_36_180_rec00001733.tif,Cystine
736,/home/wsl/flashcards/DISK_1/Kidney stones/Cystine/Stone 36/Stone_36_180_rec00001386.tif,Cystine
737,/home/wsl/flashcards/DISK_1/Kidney stones/Cystine/Stone 36/Stone_36_180_rec00001250.tif,Cystine
738,/home/wsl/flashcards/DISK_1/Kidney stones/Cystine/Stone 36/Stone_36_180_rec00001655.tif,Cystine
739,/home/wsl/flashcards/DISK_1/Kidney stones/Cystine/Stone 36/Stone_36_180_rec00001132.tif,Cystine
740,/home/wsl/flashcards/DISK_1/Kidney stones/Cystine/Stone 36/Stone_36_180_rec00001232.tif,Cystine
741,/home/wsl/flashcards/DISK_1/Kidney stones/Cystine/Stone 36/Stone_36_180_rec00001241.tif,Cystine
742,/home/wsl/flashcards/DISK_1/Kidney stones/Cystine/Stone 36/Stone_36_180_rec00001467.tif,Cystine
743,/home/wsl/flashcards/DISK_1/Kidney stones/Cystine/Stone 36/Stone_36_180_rec00001294.tif,Cystine
744,/home/wsl/flashcards/DISK_1/Kidney stones/Cystine/Stone 36/Stone_36_180_rec00001247.tif,Cystine
745,/home/wsl/flashcards/DISK_1/Kidney stones/Cystine/Stone 36/Stone_36_180_rec00000981.tif,Cystine
746,/home/wsl/flashcards/DISK_1/Kidney stones/Cystine/Stone 36/Stone_36_180_rec00001501.tif,Cystine
747,/home/wsl/flashcards/DISK_1/Kidney stones/Cystine/Stone 36/Stone_36_180_rec00001450.tif,Cystine
748,/home/wsl/flashcards/DISK_1/Kidney stones/Cystine/Stone 36/Stone_36_180_rec00001546.tif,Cystine
749,/home/wsl/flashcards/DISK_1/Kidney stones/Cystine/Stone 36/Stone_36_180_rec00001039.tif,Cystine
750,/home/wsl/flashcards/DISK_1/Kidney stones/Cystine/Stone 36/Stone_36_180_rec00001619.tif,Cystine
751,/home/wsl/flashcards/DISK_1/Kidney stones/Cystine/Stone 36/Stone_36_180_rec00001438.tif,Cystine
752,/home/wsl/flashcards/DISK_1/Kidney stones/Cystine/Stone 36/Stone_36_180_rec00001291.tif,Cystine
753,/home/wsl/flashcards/DISK_1/Kidney stones/Cystine/Stone 36/Stone_36_180_rec00001282.tif,Cystine
754,/home/wsl/flashcards/DISK_1/Kidney stones/Cystine/Stone 36/Stone_36_180_rec00001573.tif,Cystine
755,/home/wsl/flashcards/DISK_1/Kidney stones/Cystine/Stone 36/Stone_36_180_rec00000976.tif,Cystine
756,/home/wsl/flashcards/DISK_1/Kidney stones/Cystine/Stone 36/Stone_36_180_rec00001281.tif,Cystine
757,/home/wsl/flashcards/DISK_1/Kidney stones/Cystine/Stone 36/Stone_36_180_rec00000971.tif,Cystine
758,/home/wsl/flashcards/DISK_1/Kidney stones/Cystine/Stone 36/Stone_36_180_rec00000925.tif,Cystine
759,/home/wsl/flashcards/DISK_1/Kidney stones/Cystine/Stone 36/Stone_36_180_rec00000962.tif,Cystine
760,/home/wsl/flashcards/DISK_1/Kidney stones/Cystine/Stone 36/Stone_36_180_rec00001677.tif,Cystine
761,/home/wsl/flashcards/DISK_1/Kidney stones/Cystine/Stone 36/Stone_36_180_rec00001488.tif,Cystine
762,/home/wsl/flashcards/DISK_1/Kidney stones/Cystine/Stone 36/Stone_36_180_rec00001461.tif,Cystine
763,/home/wsl/flashcards/DISK_1/Kidney stones/Cystine/Stone 36/Stone_36_180_rec00001079.tif,Cystine
764,/home/wsl/flashcards/DISK_1/Kidney stones/Cystine/Stone 36/Stone_36_180_rec00001140.tif,Cystine
765,/home/wsl/flashcards/DISK_1/Kidney stones/Cystine/Stone 36/Stone_36_180_rec00001057.tif,Cystine
766,/home/wsl/flashcards/DISK_1/Kidney stones/Cystine/Stone 36/Stone_36_180_rec00001734.tif,Cystine
767,/home/wsl/flashcards/DISK_1/Kidney stones/Cystine/Stone 36/Stone_36_180_rec00001675.tif,Cystine
768,/home/wsl/flashcards/DISK_1/Kidney stones/Cystine/Stone 36/Stone_36_180_rec00001738.tif,Cystine
769,/home/wsl/flashcards/DISK_1/Kidney stones/Cystine/Stone 36/Stone_36_180_rec00001407.tif,Cystine
770,/home/wsl/flashcards/DISK_1/Kidney stones/Cystine/Stone 36/Stone_36_180_rec00000910.tif,Cystine
771,/home/wsl/flashcards/DISK_1/Kidney stones/Cystine/Stone 36/Stone_36_180_rec00001634.tif,Cystine
772,/home/wsl/flashcards/DISK_1/Kidney stones/Cystine/Stone 36/Stone_36_180_rec00001166.tif,Cystine
773,/home/wsl/flashcards/DISK_1/Kidney stones/Cystine/Stone 36/Stone_36_180_rec00000906.tif,Cystine
774,/home/wsl/flashcards/DISK_1/Kidney stones/Cystine/Stone 36/Stone_36_180_rec00001265.tif,Cystine
775,/home/wsl/flashcards/DISK_1/Kidney stones/Cystine/Stone 36/Stone_36_180_rec00001186.tif,Cystine
776,/home/wsl/flashcards/DISK_1/Kidney stones/Cystine/Stone 36/Stone_36_180_rec00000951.tif,Cystine
777,/home/wsl/flashcards/DISK_1/Kidney stones/Cystine/Stone 36/Stone_36_180_rec00001624.tif,Cystine
778,/home/wsl/flashcards/DISK_1/Kidney stones/Cystine/Stone 36/Stone_36_180_rec00001377.tif,Cystine
779,/home/wsl/flashcards/DISK_1/Kidney stones/Cystine/Stone 36/Stone_36_180_rec00001139.tif,Cystine
780,/home/wsl/flashcards/DISK_1/Kidney stones/Cystine/Stone 36/Stone_36_180_rec00001493.tif,Cystine
781,/home/wsl/flashcards/DISK_1/Kidney stones/Cystine/Stone 36/Stone_36_180_rec00000989.tif,Cystine
782,/home/wsl/flashcards/DISK_1/Kidney stones/Cystine/Stone 36/Stone_36_180_rec00001246.tif,Cystine
783,/home/wsl/flashcards/DISK_1/Kidney stones/Cystine/Stone 36/Stone_36_180_rec00001028.tif,Cystine
784,/home/wsl/flashcards/DISK_1/Kidney stones/Cystine/Stone 36/Stone_36_180_rec00001716.tif,Cystine
785,/home/wsl/flashcards/DISK_1/Kidney stones/Cystine/Stone 36/Stone_36_180_rec00001458.tif,Cystine
786,/home/wsl/flashcards/DISK_1/Kidney stones/Cystine/Stone 36/Stone_36_180_rec00000986.tif,Cystine
787,/home/wsl/flashcards/DISK_1/Kidney stones/Cystine/Stone 36/Stone_36_180_rec00001570.tif,Cystine
788,/home/wsl/flashcards/DISK_1/Kidney stones/Cystine/Stone 36/Stone_36_180_rec00000988.tif,Cystine
789,/home/wsl/flashcards/DISK_1/Kidney stones/Cystine/Stone 36/Stone_36_180_rec00000990.tif,Cystine
790,/home/wsl/flashcards/DISK_1/Kidney stones/Cystine/Stone 36/Stone_36_180_rec00001725.tif,Cystine
791,/home/wsl/flashcards/DISK_1/Kidney stones/Cystine/Stone 36/Stone_36_180_rec00001128.tif,Cystine
792,/home/wsl/flashcards/DISK_1/Kidney stones/Cystine/Stone 36/Stone_36_180_rec00001686.tif,Cystine
793,/home/wsl/flashcards/DISK_1/Kidney stones/Cystine/Stone 36/Stone_36_180_rec00001142.tif,Cystine
794,/home/wsl/flashcards/DISK_1/Kidney stones/Cystine/Stone 36/Stone_36_180_rec00000946.tif,Cystine
795,/home/wsl/flashcards/DISK_1/Kidney stones/Cystine/Stone 36/Stone_36_180_rec00001283.tif,Cystine
796,/home/wsl/flashcards/DISK_1/Kidney stones/Cystine/Stone 36/Stone_36_180_rec00001642.tif,Cystine
797,/home/wsl/flashcards/DISK_1/Kidney stones/Cystine/Stone 36/Stone_36_180_rec00001244.tif,Cystine
798,/home/wsl/flashcards/DISK_1/Kidney stones/Cystine/Stone 36/Stone_36_180_rec00000904.tif,Cystine
799,/home/wsl/flashcards/DISK_1/Kidney stones/Cystine/Stone 36/Stone_36_180_rec00000936.tif,Cystine
800,/home/wsl/flashcards/DISK_1/Kidney stones/Cystine/Stone 36/Stone_36_180_rec00001463.tif,Cystine
801,/home/wsl/flashcards/DISK_1/Kidney stones/Cystine/Stone 36/Stone_36_180_rec00001321.tif,Cystine
802,/home/wsl/flashcards/DISK_1/Kidney stones/Cystine/Stone 36/Stone_36_180_rec00000935.tif,Cystine
803,/home/wsl/flashcards/DISK_1/Kidney stones/Cystine/Stone 36/Stone_36_180_rec00001018.tif,Cystine
804,/home/wsl/flashcards/DISK_1/Kidney stones/Cystine/Stone 36/Stone_36_180_rec00001717.tif,Cystine
805,/home/wsl/flashcards/DISK_1/Kidney stones/Cystine/Stone 36/Stone_36_180_rec00000934.tif,Cystine
806,/home/wsl/flashcards/DISK_1/Kidney stones/Cystine/Stone 36/Stone_36_180_rec00001029.tif,Cystine
807,/home/wsl/flashcards/DISK_1/Kidney stones/Cystine/Stone 36/Stone_36_180_rec00001659.tif,Cystine
808,/home/wsl/flashcards/DISK_1/Kidney stones/Cystine/Stone 36/Stone_36_180_rec00001203.tif,Cystine
809,/home/wsl/flashcards/DISK_1/Kidney stones/Cystine/Stone 36/Stone_36_180_rec00001656.tif,Cystine
810,/home/wsl/flashcards/DISK_1/Kidney stones/Cystine/Stone 36/Stone_36_180_rec00000984.tif,Cystine
811,/home/wsl/flashcards/DISK_1/Kidney stones/Cystine/Stone 36/Stone_36_180_rec00001678.tif,Cystine
812,/home/wsl/flashcards/DISK_1/Kidney stones/Cystine/Stone 36/Stone_36_180_rec00001672.tif,Cystine
813,/home/wsl/flashcards/DISK_1/Kidney stones/Cystine/Stone 36/Stone_36_180_rec00001353.tif,Cystine
814,/home/wsl/flashcards/DISK_1/Kidney stones/Cystine/Stone 36/Stone_36_180_rec00000918.tif,Cystine
815,/home/wsl/flashcards/DISK_1/Kidney stones/Cystine/Stone 36/Stone_36_180_rec00001047.tif,Cystine
816,/home/wsl/flashcards/DISK_1/Kidney stones/Cystine/Stone 36/Stone_36_180_rec00001327.tif,Cystine
817,/home/wsl/flashcards/DISK_1/Kidney stones/Cystine/Stone 36/Stone_36_180_rec00001556.tif,Cystine
818,/home/wsl/flashcards/DISK_1/Kidney stones/Cystine/Stone 36/Stone_36_180_rec00001521.tif,Cystine
819,/home/wsl/flashcards/DISK_1/Kidney stones/Cystine/Stone 36/Stone_36_180_rec00000927.tif,Cystine
820,/home/wsl/flashcards/DISK_1/Kidney stones/Cystine/Stone 36/Stone_36_180_rec00001109.tif,Cystine
821,/home/wsl/flashcards/DISK_1/Kidney stones/Cystine/Stone 36/Stone_36_180_rec00001415.tif,Cystine
822,/home/wsl/flashcards/DISK_1/Kidney stones/Cystine/Stone 36/Stone_36_180_rec00001155.tif,Cystine
823,/home/wsl/flashcards/DISK_1/Kidney stones/Cystine/Stone 36/Stone_36_180_rec00001612.tif,Cystine
824,/home/wsl/flashcards/DISK_1/Kidney stones/Cystine/Stone 36/Stone_36_180_rec00001070.tif,Cystine
825,/home/wsl/flashcards/DISK_1/Kidney stones/Cystine/Stone 36/Stone_36_180_rec00001074.tif,Cystine
826,/home/wsl/flashcards/DISK_1/Kidney stones/Cystine/Stone 36/Stone_36_180_rec00001297.tif,Cystine
827,/home/wsl/flashcards/DISK_1/Kidney stones/Cystine/Stone 36/Stone_36_180_rec00001248.tif,Cystine
828,/home/wsl/flashcards/DISK_1/Kidney stones/Cystine/Stone 36/Stone_36_180_rec00001621.tif,Cystine
829,/home/wsl/flashcards/DISK_1/Kidney stones/Cystine/Stone 36/Stone_36_180_rec00001000.tif,Cystine
830,/home/wsl/flashcards/DISK_1/Kidney stones/Cystine/Stone 36/Stone_36_180_rec00001495.tif,Cystine
831,/home/wsl/flashcards/DISK_1/Kidney stones/Cystine/Stone 36/Stone_36_180_rec00001456.tif,Cystine
832,/home/wsl/flashcards/DISK_1/Kidney stones/Cystine/Stone 36/Stone_36_180_rec00001530.tif,Cystine
833,/home/wsl/flashcards/DISK_1/Kidney stones/Cystine/Stone 36/Stone_36_180_rec00001498.tif,Cystine
834,/home/wsl/flashcards/DISK_1/Kidney stones/Cystine/Stone 36/Stone_36_180_rec00001771.tif,Cystine
835,/home/wsl/flashcards/DISK_1/Kidney stones/Cystine/Stone 36/Stone_36_180_rec00001625.tif,Cystine
836,/home/wsl/flashcards/DISK_1/Kidney stones/Cystine/Stone 36/Stone_36_180_rec00001637.tif,Cystine
837,/home/wsl/flashcards/DISK_1/Kidney stones/Cystine/Stone 36/Stone_36_180_rec00001201.tif,Cystine
838,/home/wsl/flashcards/DISK_1/Kidney stones/Cystine/Stone 36/Stone_36_180_rec00001623.tif,Cystine
839,/home/wsl/flashcards/DISK_1/Kidney stones/Cystine/Stone 36/Stone_36_180_rec00001288.tif,Cystine
840,/home/wsl/flashcards/DISK_1/Kidney stones/Cystine/Stone 36/Stone_36_180_rec00001441.tif,Cystine
841,/home/wsl/flashcards/DISK_1/Kidney stones/Cystine/Stone 36/Stone_36_180_rec00001629.tif,Cystine
842,/home/wsl/flashcards/DISK_1/Kidney stones/Cystine/Stone 36/Stone_36_180_rec00001361.tif,Cystine
843,/home/wsl/flashcards/DISK_1/Kidney stones/Cystine/Stone 36/Stone_36_180_rec00001633.tif,Cystine
844,/home/wsl/flashcards/DISK_1/Kidney stones/Cystine/Stone 36/Stone_36_180_rec00001358.tif,Cystine
845,/home/wsl/flashcards/DISK_1/Kidney stones/Cystine/Stone 36/Stone_36_180_rec00001544.tif,Cystine
846,/home/wsl/flashcards/DISK_1/Kidney stones/Cystine/Stone 36/Stone_36_180_rec00001197.tif,Cystine
847,/home/wsl/flashcards/DISK_1/Kidney stones/Cystine/Stone 36/Stone_36_180_rec00001661.tif,Cystine
848,/home/wsl/flashcards/DISK_1/Kidney stones/Cystine/Stone 36/Stone_36_180_rec00001689.tif,Cystine
849,/home/wsl/flashcards/DISK_1/Kidney stones/Cystine/Stone 36/Stone_36_180_rec00001069.tif,Cystine
850,/home/wsl/flashcards/DISK_1/Kidney stones/Cystine/Stone 36/Stone_36_180_rec00001707.tif,Cystine
851,/home/wsl/flashcards/DISK_1/Kidney stones/Cystine/Stone 36/Stone_36_180_rec00001560.tif,Cystine
852,/home/wsl/flashcards/DISK_1/Kidney stones/Cystine/Stone 36/Stone_36_180_rec00001775.tif,Cystine
853,/home/wsl/flashcards/DISK_1/Kidney stones/Cystine/Stone 36/Stone_36_180_rec00001589.tif,Cystine
854,/home/wsl/flashcards/DISK_1/Kidney stones/Cystine/Stone 36/Stone_36_180_rec00001217.tif,Cystine
855,/home/wsl/flashcards/DISK_1/Kidney stones/Cystine/Stone 36/Stone_36_180_rec00001741.tif,Cystine
856,/home/wsl/flashcards/DISK_1/Kidney stones/Cystine/Stone 36/Stone_36_180_rec00001538.tif,Cystine
857,/home/wsl/flashcards/DISK_1/Kidney stones/Cystine/Stone 36/Stone_36_180_rec00000909.tif,Cystine
858,/home/wsl/flashcards/DISK_1/Kidney stones/Cystine/Stone 36/Stone_36_180_rec00001084.tif,Cystine
859,/home/wsl/flashcards/DISK_1/Kidney stones/Cystine/Stone 36/Stone_36_180_rec00000997.tif,Cystine
860,/home/wsl/flashcards/DISK_1/Kidney stones/Cystine/Stone 36/Stone_36_180_rec00001566.tif,Cystine
861,/home/wsl/flashcards/DISK_1/Kidney stones/Cystine/Stone 36/Stone_36_180_rec00001402.tif,Cystine
862,/home/wsl/flashcards/DISK_1/Kidney stones/Cystine/Stone 36/Stone_36_180_rec00000876.tif,Cystine
863,/home/wsl/flashcards/DISK_1/Kidney stones/Cystine/Stone 36/Stone_36_180_rec00001058.tif,Cystine
864,/home/wsl/flashcards/DISK_1/Kidney stones/Cystine/Stone 36/Stone_36_180_rec00001434.tif,Cystine
865,/home/wsl/flashcards/DISK_1/Kidney stones/Cystine/Stone 36/Stone_36_180_rec00001650.tif,Cystine
866,/home/wsl/flashcards/DISK_1/Kidney stones/Cystine/Stone 36/Stone_36_180_rec00001333.tif,Cystine
867,/home/wsl/flashcards/DISK_1/Kidney stones/Cystine/Stone 36/Stone_36_180_rec00000999.tif,Cystine
868,/home/wsl/flashcards/DISK_1/Kidney stones/Cystine/Stone 36/Stone_36_180_rec00001267.tif,Cystine
869,/home/wsl/flashcards/DISK_1/Kidney stones/Cystine/Stone 36/Stone_36_180_rec00001435.tif,Cystine
870,/home/wsl/flashcards/DISK_1/Kidney stones/Cystine/Stone 36/Stone_36_180_rec00001419.tif,Cystine
871,/home/wsl/flashcards/DISK_1/Kidney stones/Cystine/Stone 36/Stone_36_180_rec00001218.tif,Cystine
872,/home/wsl/flashcards/DISK_1/Kidney stones/Cystine/Stone 36/Stone_36_180_rec00001313.tif,Cystine
873,/home/wsl/flashcards/DISK_1/Kidney stones/Cystine/Stone 36/Stone_36_180_rec00001764.tif,Cystine
874,/home/wsl/flashcards/DISK_1/Kidney stones/Cystine/Stone 36/Stone_36_180_rec00001584.tif,Cystine
875,/home/wsl/flashcards/DISK_1/Kidney stones/Cystine/Stone 36/Stone_36_180_rec00001752.tif,Cystine
876,/home/wsl/flashcards/DISK_1/Kidney stones/Cystine/Stone 36/Stone_36_180_rec00001050.tif,Cystine
877,/home/wsl/flashcards/DISK_1/Kidney stones/Cystine/Stone 36/Stone_36_180_rec00001709.tif,Cystine
878,/home/wsl/flashcards/DISK_1/Kidney stones/Cystine/Stone 36/Stone_36_180_rec00001480.tif,Cystine
879,/home/wsl/flashcards/DISK_1/Kidney stones/Cystine/Stone 36/Stone_36_180_rec00001607.tif,Cystine
880,/home/wsl/flashcards/DISK_1/Kidney stones/Cystine/Stone 36/Stone_36_180_rec00001437.tif,Cystine
881,/home/wsl/flashcards/DISK_1/Kidney stones/Cystine/Stone 36/Stone_36_180_rec00001774.tif,Cystine
882,/home/wsl/flashcards/DISK_1/Kidney stones/Cystine/Stone 36/Stone_36_180_rec00001176.tif,Cystine
883,/home/wsl/flashcards/DISK_1/Kidney stones/Cystine/Stone 36/Stone_36_180_rec00001744.tif,Cystine
884,/home/wsl/flashcards/DISK_1/Kidney stones/Cystine/Stone 36/Stone_36_180_rec00001221.tif,Cystine
885,/home/wsl/flashcards/DISK_1/Kidney stones/Cystine/Stone 36/Stone_36_180_rec00000896.tif,Cystine
886,/home/wsl/flashcards/DISK_1/Kidney stones/Cystine/Stone 36/Stone_36_180_rec00001518.tif,Cystine
887,/home/wsl/flashcards/DISK_1/Kidney stones/Cystine/Stone 36/Stone_36_180_rec00001713.tif,Cystine
888,/home/wsl/flashcards/DISK_1/Kidney stones/Cystine/Stone 36/Stone_36_180_rec00001439.tif,Cystine
889,/home/wsl/flashcards/DISK_1/Kidney stones/Cystine/Stone 36/Stone_36_180_rec00001470.tif,Cystine
890,/home/wsl/flashcards/DISK_1/Kidney stones/Cystine/Stone 36/Stone_36_180_rec00001580.tif,Cystine
891,/home/wsl/flashcards/DISK_1/Kidney stones/Cystine/Stone 36/Stone_36_180_rec00001681.tif,Cystine
892,/home/wsl/flashcards/DISK_1/Kidney stones/Cystine/Stone 36/Stone_36_180_rec00001606.tif,Cystine
893,/home/wsl/flashcards/DISK_1/Kidney stones/Cystine/Stone 36/Stone_36_180_rec00001020.tif,Cystine
894,/home/wsl/flashcards/DISK_1/Kidney stones/Cystine/Stone 36/Stone_36_180_rec00001490.tif,Cystine
895,/home/wsl/flashcards/DISK_1/Kidney stones/Cystine/Stone 36/Stone_36_180_rec00001746.tif,Cystine
896,/home/wsl/flashcards/DISK_1/Kidney stones/Cystine/Stone 36/Stone_36_180_rec00001730.tif,Cystine
897,/home/wsl/flashcards/DISK_1/Kidney stones/Cystine/Stone 36/Stone_36_180_rec00001260.tif,Cystine
898,/home/wsl/flashcards/DISK_1/Kidney stones/Cystine/Stone 36/Stone_36_180_rec00001743.tif,Cystine
899,/home/wsl/flashcards/DISK_1/Kidney stones/Cystine/Stone 36/Stone_36_180_rec00001213.tif,Cystine
900,/home/wsl/flashcards/DISK_1/Kidney stones/Cystine/Stone 36/Stone_36_180_rec00001348.tif,Cystine
901,/home/wsl/flashcards/DISK_1/Kidney stones/Cystine/Stone 36/Stone_36_180_rec00001605.tif,Cystine
